id,major_code,name,major_group,major_group_code,description,career_options,required_skills,subject_combinations,holland_types,career_anchor_tags,study_duration,degree_level,is_active,is_published,scraped_at,source_url,created_at,updated_at
ae094947-1227-45ff-bae9-50bbddd97d20,7140101,Giáo dục Mầm non,Sư phạm,714,,[],[],[],"[""S"", ""A""]",[],4,bachelor,t,f,2026-03-06 19:56:55.269149+07,https://huongnghiepviet.com/nganh-nghe,2026-03-06 19:56:55.839747+07,2026-03-06 19:56:55.839747+07
fa4e0c94-cf31-40ce-8cdf-4e71bf1bc62d,7140102,Giáo dục Tiểu học,Sư phạm,714,,[],[],[],"[""S""]",[],4,bachelor,t,f,2026-03-06 19:56:55.269149+07,https://huongnghiepviet.com/nganh-nghe,2026-03-06 19:56:55.839747+07,2026-03-06 19:56:55.839747+07
afe97646-2056-4696-8099-b3024f0e1efc,7140114,Sư phạm Toán học,Sư phạm,714,,[],[],[],"[""S"", ""I""]",[],4,bachelor,t,f,2026-03-06 19:56:55.269149+07,https://huongnghiepviet.com/nganh-nghe,2026-03-06 19:56:55.839747+07,2026-03-06 19:56:55.839747+07
5bed8483-f44f-431d-b23b-3309b86e52b4,7140115,Sư phạm Tin học,Sư phạm,714,,[],[],[],"[""S"", ""I""]",[],4,bachelor,t,f,2026-03-06 19:56:55.269149+07,https://huongnghiepviet.com/nganh-nghe,2026-03-06 19:56:55.839747+07,2026-03-06 19:56:55.839747+07
15353852-2a97-47ff-b93b-c637c3c43414,7140201,Sư phạm Tiếng Anh,Sư phạm,714,,[],[],[],"[""S"", ""A""]",[],4,bachelor,t,f,2026-03-06 19:56:55.269149+07,https://huongnghiepviet.com/nganh-nghe,2026-03-06 19:56:55.839747+07,2026-03-06 19:56:55.839747+07
41f3c26b-2ce0-461d-a380-b0c0ae6bff69,7140210,Sư phạm Lịch sử,Sư phạm,714,,[],[],[],"[""S"", ""I""]",[],4,bachelor,t,f,2026-03-06 19:56:55.269149+07,https://huongnghiepviet.com/nganh-nghe,2026-03-06 19:56:55.839747+07,2026-03-06 19:56:55.839747+07
daabed7e-3897-4fcf-b44b-a0a51f073580,7140211,Sư phạm Ngữ văn,Sư phạm,714,,[],[],[],"[""S"", ""A""]",[],4,bachelor,t,f,2026-03-06 19:56:55.269149+07,https://huongnghiepviet.com/nganh-nghe,2026-03-06 19:56:55.839747+07,2026-03-06 19:56:55.839747+07
f5af2df3-63cc-4ddf-bfde-562a519b7e39,7140212,Sư phạm Địa lý,Sư phạm,714,,[],[],[],"[""S"", ""I""]",[],4,bachelor,t,f,2026-03-06 19:56:55.269149+07,https://huongnghiepviet.com/nganh-nghe,2026-03-06 19:56:55.839747+07,2026-03-06 19:56:55.839747+07
54b54950-0b67-4ee3-8346-b045f0fae363,7140217,Sư phạm Vật lý,Sư phạm,714,,[],[],[],"[""S"", ""I""]",[],4,bachelor,t,f,2026-03-06 19:56:55.269149+07,https://huongnghiepviet.com/nganh-nghe,2026-03-06 19:56:55.839747+07,2026-03-06 19:56:55.839747+07
c60fd698-953e-4ff9-be6e-819e5e16c617,7140218,Sư phạm Hóa học,Sư phạm,714,,[],[],[],"[""S"", ""I""]",[],4,bachelor,t,f,2026-03-06 19:56:55.269149+07,https://huongnghiepviet.com/nganh-nghe,2026-03-06 19:56:55.839747+07,2026-03-06 19:56:55.839747+07
74a1cf4c-e228-4857-8bac-f285509330ed,7140219,Sư phạm Sinh học,Sư phạm,714,,[],[],[],"[""S"", ""I""]",[],4,bachelor,t,f,2026-03-06 19:56:55.269149+07,https://huongnghiepviet.com/nganh-nghe,2026-03-06 19:56:55.839747+07,2026-03-06 19:56:55.839747+07
c2a42f3f-d07f-44f9-8dc9-8b3c31faaa02,7140231,Sư phạm Âm nhạc,Sư phạm,714,,[],[],[],"[""S"", ""A""]",[],4,bachelor,t,f,2026-03-06 19:56:55.269149+07,https://huongnghiepviet.com/nganh-nghe,2026-03-06 19:56:55.839747+07,2026-03-06 19:56:55.839747+07
6cad7a53-5929-486f-8903-ce039f2c85a0,7140232,Sư phạm Mỹ thuật,Sư phạm,714,,[],[],[],"[""S"", ""A""]",[],4,bachelor,t,f,2026-03-06 19:56:55.269149+07,https://huongnghiepviet.com/nganh-nghe,2026-03-06 19:56:55.839747+07,2026-03-06 19:56:55.839747+07
59d23e29-290e-48b0-be20-407d132f3d68,7140246,Sư phạm Kỹ thuật công nghiệp,Sư phạm,714,,[],[],[],"[""S"", ""R""]",[],4,bachelor,t,f,2026-03-06 19:56:55.269149+07,https://huongnghiepviet.com/nganh-nghe,2026-03-06 19:56:55.839747+07,2026-03-06 19:56:55.839747+07
5bd471d8-c2af-4818-9139-80bd9def6d6f,7140103,Giáo dục Đặc biệt,Sư phạm,714,,[],[],[],"[""S""]",[],4,bachelor,t,f,2026-03-06 19:56:55.269149+07,https://huongnghiepviet.com/nganh-nghe,2026-03-06 19:56:55.839747+07,2026-03-06 19:56:55.839747+07
9fd01866-d2c9-4adc-9f7a-fa99beb668eb,7140104,Giáo dục Công dân,Sư phạm,714,,[],[],[],"[""S""]",[],4,bachelor,t,f,2026-03-06 19:56:55.269149+07,https://huongnghiepviet.com/nganh-nghe,2026-03-06 19:56:55.839747+07,2026-03-06 19:56:55.839747+07
f3695cfb-916e-4901-8174-bc4b4c73984f,7140105,Giáo dục Chính trị,Sư phạm,714,,[],[],[],"[""S""]",[],4,bachelor,t,f,2026-03-06 19:56:55.269149+07,https://huongnghiepviet.com/nganh-nghe,2026-03-06 19:56:55.839747+07,2026-03-06 19:56:55.839747+07
2a77b128-01a8-4aa7-8cad-89de274d70fa,7140106,Giáo dục Thể chất,Sư phạm,714,,[],[],[],"[""S"", ""R""]",[],4,bachelor,t,f,2026-03-06 19:56:55.269149+07,https://huongnghiepviet.com/nganh-nghe,2026-03-06 19:56:55.839747+07,2026-03-06 19:56:55.839747+07
ec0227db-4709-4d25-8330-98467e7ac206,7140107,Huấn luyện thể thao,Sư phạm,714,,[],[],[],"[""S"", ""R""]",[],4,bachelor,t,f,2026-03-06 19:56:55.269149+07,https://huongnghiepviet.com/nganh-nghe,2026-03-06 19:56:55.839747+07,2026-03-06 19:56:55.839747+07
effa1391-17c9-464d-95dd-1961c7e75cc0,7140108,Giáo dục Quốc phòng - An ninh,Sư phạm,714,,[],[],[],"[""S"", ""R""]",[],4,bachelor,t,f,2026-03-06 19:56:55.269149+07,https://huongnghiepviet.com/nganh-nghe,2026-03-06 19:56:55.839747+07,2026-03-06 19:56:55.839747+07
f4841d91-a0a5-4301-b365-663584480d51,7140202,Sư phạm Tiếng Nga,Sư phạm,714,,[],[],[],"[""S"", ""A""]",[],4,bachelor,t,f,2026-03-06 19:56:55.269149+07,https://huongnghiepviet.com/nganh-nghe,2026-03-06 19:56:55.839747+07,2026-03-06 19:56:55.839747+07
dcc4eb54-97a7-4b98-8d5c-138c36d75037,7140203,Sư phạm Tiếng Pháp,Sư phạm,714,,[],[],[],"[""S"", ""A""]",[],4,bachelor,t,f,2026-03-06 19:56:55.269149+07,https://huongnghiepviet.com/nganh-nghe,2026-03-06 19:56:55.839747+07,2026-03-06 19:56:55.839747+07
8b2804de-0c2f-484d-baf7-d3fb26fb1e3e,7140204,Sư phạm Tiếng Trung Quốc,Sư phạm,714,,[],[],[],"[""S"", ""A""]",[],4,bachelor,t,f,2026-03-06 19:56:55.269149+07,https://huongnghiepviet.com/nganh-nghe,2026-03-06 19:56:55.839747+07,2026-03-06 19:56:55.839747+07
355a58be-bf9e-4f22-b511-34c4b05af00b,7140205,Sư phạm Tiếng Đức,Sư phạm,714,,[],[],[],"[""S"", ""A""]",[],4,bachelor,t,f,2026-03-06 19:56:55.269149+07,https://huongnghiepviet.com/nganh-nghe,2026-03-06 19:56:55.839747+07,2026-03-06 19:56:55.839747+07
d7cc673a-6676-48f3-9592-c12dab070861,7140206,Sư phạm Tiếng Nhật,Sư phạm,714,,[],[],[],"[""S"", ""A""]",[],4,bachelor,t,f,2026-03-06 19:56:55.269149+07,https://huongnghiepviet.com/nganh-nghe,2026-03-06 19:56:55.839747+07,2026-03-06 19:56:55.839747+07
ed32c90a-27b8-4b08-a6c4-f96013539e6a,7140209,Sư phạm Tiếng Hàn Quốc,Sư phạm,714,,[],[],[],"[""S"", ""A""]",[],4,bachelor,t,f,2026-03-06 19:56:55.269149+07,https://huongnghiepviet.com/nganh-nghe,2026-03-06 19:56:55.839747+07,2026-03-06 19:56:55.839747+07
cc157f12-1149-4890-b913-ed3b89e515da,7140214,Sư phạm công nghệ,Sư phạm,714,,[],[],[],"[""S"", ""R""]",[],4,bachelor,t,f,2026-03-06 19:56:55.269149+07,https://huongnghiepviet.com/nganh-nghe,2026-03-06 19:56:55.839747+07,2026-03-06 19:56:55.839747+07
c7e55459-3f8d-4890-a97c-57e6cf78f1cc,7140215,Sư phạm khoa học tự nhiên,Sư phạm,714,,[],[],[],"[""S"", ""I""]",[],4,bachelor,t,f,2026-03-06 19:56:55.269149+07,https://huongnghiepviet.com/nganh-nghe,2026-03-06 19:56:55.839747+07,2026-03-06 19:56:55.839747+07
8ecb3c43-27c9-4ad1-8599-7ae260ff1979,7140216,Giáo dục pháp luật,Sư phạm,714,,[],[],[],"[""S"", ""E""]",[],4,bachelor,t,f,2026-03-06 19:56:55.269149+07,https://huongnghiepviet.com/nganh-nghe,2026-03-06 19:56:55.839747+07,2026-03-06 19:56:55.839747+07
dcd4d524-2607-4144-8c77-fd030249ab82,7210101,Hội họa,Nghệ thuật,721,,[],[],[],"[""A"", ""R""]",[],4,bachelor,t,f,2026-03-06 19:56:55.269149+07,https://huongnghiepviet.com/nganh-nghe,2026-03-06 19:56:55.839747+07,2026-03-06 19:56:55.839747+07
fd4eb23e-b9df-462e-9fbc-1393f0b5f637,7210103,Đồ họa,Nghệ thuật,721,,[],[],[],"[""A"", ""R""]",[],4,bachelor,t,f,2026-03-06 19:56:55.269149+07,https://huongnghiepviet.com/nganh-nghe,2026-03-06 19:56:55.839747+07,2026-03-06 19:56:55.839747+07
687b1f88-ed07-4442-928f-39ff76242f85,7210104,Điêu khắc,Nghệ thuật,721,,[],[],[],"[""A"", ""R""]",[],4,bachelor,t,f,2026-03-06 19:56:55.269149+07,https://huongnghiepviet.com/nganh-nghe,2026-03-06 19:56:55.839747+07,2026-03-06 19:56:55.839747+07
6a92cffa-930e-4ed2-86c7-8e3d39fc8388,7210205,Thiết kế đồ họa,Nghệ thuật,721,,[],[],[],"[""A"", ""E"", ""C""]",[],4,bachelor,t,f,2026-03-06 19:56:55.269149+07,https://huongnghiepviet.com/nganh-nghe,2026-03-06 19:56:55.839747+07,2026-03-06 19:56:55.839747+07
477b9d8e-8926-466b-9151-b6fb5041568d,7210201,Thiết kế thời trang,Nghệ thuật,721,,[],[],[],"[""A"", ""E""]",[],4,bachelor,t,f,2026-03-06 19:56:55.269149+07,https://huongnghiepviet.com/nganh-nghe,2026-03-06 19:56:55.839747+07,2026-03-06 19:56:55.839747+07
5c5852b7-d97b-4aed-b393-f81f9ce5f294,7210204,Thiết kế công nghiệp,Nghệ thuật,721,,[],[],[],"[""A"", ""R""]",[],4,bachelor,t,f,2026-03-06 19:56:55.269149+07,https://huongnghiepviet.com/nganh-nghe,2026-03-06 19:56:55.839747+07,2026-03-06 19:56:55.839747+07
3a590d55-bdda-472d-a972-556b5bd9837e,7210403,"Đạo diễn điện ảnh, truyền hình",Nghệ thuật,721,,[],[],[],"[""A"", ""E""]",[],4,bachelor,t,f,2026-03-06 19:56:55.269149+07,https://huongnghiepviet.com/nganh-nghe,2026-03-06 19:56:55.839747+07,2026-03-06 19:56:55.839747+07
c9ea4f76-4c80-49d1-a3c2-efb15eaf4559,7210404,"Diễn viên kịch, điện ảnh",Nghệ thuật,721,,[],[],[],"[""A"", ""S""]",[],4,bachelor,t,f,2026-03-06 19:56:55.269149+07,https://huongnghiepviet.com/nganh-nghe,2026-03-06 19:56:55.839747+07,2026-03-06 19:56:55.839747+07
3edf794b-9728-49ac-9a47-0b1d179231f7,7210202,Thiết kế nội thất,Nghệ thuật,721,,[],[],[],"[""A"", ""R"", ""E""]",[],4,bachelor,t,f,2026-03-06 19:56:55.269149+07,https://huongnghiepviet.com/nganh-nghe,2026-03-06 19:56:55.839747+07,2026-03-06 19:56:55.839747+07
449c275b-7a0c-4dd8-89b4-5fa981497c42,7210203,Thiết kế mỹ thuật sân khấu điện ảnh,Nghệ thuật,721,,[],[],[],"[""A""]",[],4,bachelor,t,f,2026-03-06 19:56:55.269149+07,https://huongnghiepviet.com/nganh-nghe,2026-03-06 19:56:55.839747+07,2026-03-06 19:56:55.839747+07
42415454-f8d3-488a-8269-6862d42d3d24,7210301,Âm nhạc học,Nghệ thuật,721,,[],[],[],"[""A"", ""I""]",[],4,bachelor,t,f,2026-03-06 19:56:55.269149+07,https://huongnghiepviet.com/nganh-nghe,2026-03-06 19:56:55.839747+07,2026-03-06 19:56:55.839747+07
d7d85227-4fa2-4dcd-8cd7-cd81eb18eb76,7210302,Sáng tác âm nhạc,Nghệ thuật,721,,[],[],[],"[""A""]",[],4,bachelor,t,f,2026-03-06 19:56:55.269149+07,https://huongnghiepviet.com/nganh-nghe,2026-03-06 19:56:55.839747+07,2026-03-06 19:56:55.839747+07
4bb47da7-9a88-4066-b66c-17b9fb138743,7210303,Chỉ huy âm nhạc,Nghệ thuật,721,,[],[],[],"[""A"", ""E""]",[],4,bachelor,t,f,2026-03-06 19:56:55.269149+07,https://huongnghiepviet.com/nganh-nghe,2026-03-06 19:56:55.839747+07,2026-03-06 19:56:55.839747+07
3c02b8a0-2815-4efc-8728-d935b783d5de,7210341,Thanh nhạc,Nghệ thuật,721,,[],[],[],"[""A"", ""S""]",[],4,bachelor,t,f,2026-03-06 19:56:55.269149+07,https://huongnghiepviet.com/nganh-nghe,2026-03-06 19:56:55.839747+07,2026-03-06 19:56:55.839747+07
a103b0af-2a3d-4301-b27e-32d28336513d,7210311,Piano,Nghệ thuật,721,,[],[],[],"[""A""]",[],4,bachelor,t,f,2026-03-06 19:56:55.269149+07,https://huongnghiepviet.com/nganh-nghe,2026-03-06 19:56:55.839747+07,2026-03-06 19:56:55.839747+07
79e2dc08-fc97-47f7-80e3-8c50f231d37f,7210312,Nhạc Jazz,Nghệ thuật,721,,[],[],[],"[""A""]",[],4,bachelor,t,f,2026-03-06 19:56:55.269149+07,https://huongnghiepviet.com/nganh-nghe,2026-03-06 19:56:55.839747+07,2026-03-06 19:56:55.839747+07
649455b6-5c75-46c3-ba73-4130f979b222,7220101,Tiếng Việt và văn hóa Việt Nam,Nhân văn,722,,[],[],[],"[""A"", ""S""]",[],4,bachelor,t,f,2026-03-06 19:56:55.269149+07,https://huongnghiepviet.com/nganh-nghe,2026-03-06 19:56:55.839747+07,2026-03-06 19:56:55.839747+07
ad8dbab2-ea64-4088-8a3b-68b812986032,7220201,Ngôn ngữ Anh,Nhân văn,722,,[],[],[],"[""A"", ""S""]",[],4,bachelor,t,f,2026-03-06 19:56:55.269149+07,https://huongnghiepviet.com/nganh-nghe,2026-03-06 19:56:55.839747+07,2026-03-06 19:56:55.839747+07
824a127b-cc47-4ded-833e-5e06dee8c35b,7220202,Ngôn ngữ Nga,Nhân văn,722,,[],[],[],"[""A"", ""S""]",[],4,bachelor,t,f,2026-03-06 19:56:55.269149+07,https://huongnghiepviet.com/nganh-nghe,2026-03-06 19:56:55.839747+07,2026-03-06 19:56:55.839747+07
53df88ab-48d0-4efd-a8f0-f251ccb08b7a,7220203,Ngôn ngữ Pháp,Nhân văn,722,,[],[],[],"[""A"", ""S""]",[],4,bachelor,t,f,2026-03-06 19:56:55.269149+07,https://huongnghiepviet.com/nganh-nghe,2026-03-06 19:56:55.839747+07,2026-03-06 19:56:55.839747+07
cce86a24-5cd5-44f4-88ca-89bc1197a316,7220204,Ngôn ngữ Trung Quốc,Nhân văn,722,,[],[],[],"[""A"", ""S""]",[],4,bachelor,t,f,2026-03-06 19:56:55.269149+07,https://huongnghiepviet.com/nganh-nghe,2026-03-06 19:56:55.839747+07,2026-03-06 19:56:55.839747+07
98eea283-aa1b-4c43-a0c9-00f9c77afc1e,7220205,Ngôn ngữ Đức,Nhân văn,722,,[],[],[],"[""A"", ""S""]",[],4,bachelor,t,f,2026-03-06 19:56:55.269149+07,https://huongnghiepviet.com/nganh-nghe,2026-03-06 19:56:55.839747+07,2026-03-06 19:56:55.839747+07
de75fa92-f4e8-4da5-bb1d-067407f82aa0,7220206,Ngôn ngữ Nhật,Nhân văn,722,,[],[],[],"[""A"", ""S""]",[],4,bachelor,t,f,2026-03-06 19:56:55.269149+07,https://huongnghiepviet.com/nganh-nghe,2026-03-06 19:56:55.839747+07,2026-03-06 19:56:55.839747+07
f6529208-2b86-49d4-a892-f67595cb08b7,7220209,Ngôn ngữ Hàn Quốc,Nhân văn,722,,[],[],[],"[""A"", ""S""]",[],4,bachelor,t,f,2026-03-06 19:56:55.269149+07,https://huongnghiepviet.com/nganh-nghe,2026-03-06 19:56:55.839747+07,2026-03-06 19:56:55.839747+07
632ce36c-0a89-405a-9595-9000d894965d,7229001,Triết học,Nhân văn,722,,[],[],[],"[""I"", ""S""]",[],4,bachelor,t,f,2026-03-06 19:56:55.269149+07,https://huongnghiepviet.com/nganh-nghe,2026-03-06 19:56:55.839747+07,2026-03-06 19:56:55.839747+07
a1e4e2ba-24f7-4a3a-b956-f779fd45ec24,7229010,Lịch sử học,Nhân văn,722,,[],[],[],"[""I"", ""S""]",[],4,bachelor,t,f,2026-03-06 19:56:55.269149+07,https://huongnghiepviet.com/nganh-nghe,2026-03-06 19:56:55.839747+07,2026-03-06 19:56:55.839747+07
21ced654-52f8-4159-8a27-a0b04f04294f,7229030,Văn học,Nhân văn,722,,[],[],[],"[""A"", ""S""]",[],4,bachelor,t,f,2026-03-06 19:56:55.269149+07,https://huongnghiepviet.com/nganh-nghe,2026-03-06 19:56:55.839747+07,2026-03-06 19:56:55.839747+07
91b3f0da-1fb5-448e-8ea7-f4f11dc13709,7229040,Văn hóa học,Nhân văn,722,,[],[],[],"[""A"", ""S""]",[],4,bachelor,t,f,2026-03-06 19:56:55.269149+07,https://huongnghiepviet.com/nganh-nghe,2026-03-06 19:56:55.839747+07,2026-03-06 19:56:55.839747+07
c56db2fa-488e-41af-b5ae-5664908f56ed,7229042,Quản lý văn hóa,Nhân văn,722,,[],[],[],"[""E"", ""S""]",[],4,bachelor,t,f,2026-03-06 19:56:55.269149+07,https://huongnghiepviet.com/nganh-nghe,2026-03-06 19:56:55.839747+07,2026-03-06 19:56:55.839747+07
2d4f05ce-142a-4b8a-8975-dcd5c6c5dfc8,7229020,Ngôn ngữ học,Nhân văn,722,,[],[],[],"[""I"", ""A""]",[],4,bachelor,t,f,2026-03-06 19:56:55.269149+07,https://huongnghiepviet.com/nganh-nghe,2026-03-06 19:56:55.839747+07,2026-03-06 19:56:55.839747+07
0fdfc970-d9e7-4863-96fe-68f36b12e0d9,7310101,Kinh tế,Xã hội và Hành vi,731,,[],[],[],"[""I"", ""E"", ""C""]",[],4,bachelor,t,f,2026-03-06 19:56:55.269149+07,https://huongnghiepviet.com/nganh-nghe,2026-03-06 19:56:55.839747+07,2026-03-06 19:56:55.839747+07
b90f0d7a-3268-414f-b8b3-e643f9f10cfc,7310102,Kinh tế chính trị,Xã hội và Hành vi,731,,[],[],[],"[""I"", ""S""]",[],4,bachelor,t,f,2026-03-06 19:56:55.269149+07,https://huongnghiepviet.com/nganh-nghe,2026-03-06 19:56:55.839747+07,2026-03-06 19:56:55.839747+07
70346111-d9d2-4350-b3fc-e40e9e5eac38,7310104,Kinh tế phát triển,Xã hội và Hành vi,731,,[],[],[],"[""I"", ""E""]",[],4,bachelor,t,f,2026-03-06 19:56:55.269149+07,https://huongnghiepviet.com/nganh-nghe,2026-03-06 19:56:55.839747+07,2026-03-06 19:56:55.839747+07
5796179d-f114-4e86-b689-a0412340b378,7310106,Kinh tế đầu tư,Xã hội và Hành vi,731,,[],[],[],"[""I"", ""E"", ""C""]",[],4,bachelor,t,f,2026-03-06 19:56:55.269149+07,https://huongnghiepviet.com/nganh-nghe,2026-03-06 19:56:55.839747+07,2026-03-06 19:56:55.839747+07
043ccb1d-6fb8-4bf2-be6b-4aa62bef2c14,7310107,Kinh tế quốc tế,Xã hội và Hành vi,731,,[],[],[],"[""I"", ""E""]",[],4,bachelor,t,f,2026-03-06 19:56:55.269149+07,https://huongnghiepviet.com/nganh-nghe,2026-03-06 19:56:55.839747+07,2026-03-06 19:56:55.839747+07
d4b5ffd5-1230-48b7-8f30-e0290dbc6acb,7310201,Chính trị học,Xã hội và Hành vi,731,,[],[],[],"[""I"", ""E"", ""S""]",[],4,bachelor,t,f,2026-03-06 19:56:55.269149+07,https://huongnghiepviet.com/nganh-nghe,2026-03-06 19:56:55.839747+07,2026-03-06 19:56:55.839747+07
cb84a8e2-e994-4d5d-9ddf-4978c4c97377,7310301,Xã hội học,Xã hội và Hành vi,731,,[],[],[],"[""I"", ""S""]",[],4,bachelor,t,f,2026-03-06 19:56:55.269149+07,https://huongnghiepviet.com/nganh-nghe,2026-03-06 19:56:55.839747+07,2026-03-06 19:56:55.839747+07
7b682ef4-c83d-4c86-b56b-8b97deb2f6d8,7310401,Tâm lý học,Xã hội và Hành vi,731,,[],[],[],"[""I"", ""S""]",[],4,bachelor,t,f,2026-03-06 19:56:55.269149+07,https://huongnghiepviet.com/nganh-nghe,2026-03-06 19:56:55.839747+07,2026-03-06 19:56:55.839747+07
0ed2b130-6711-4f28-89b2-fd699c2a0f7b,7310601,Quốc tế học,Xã hội và Hành vi,731,,[],[],[],"[""E"", ""S"", ""I""]",[],4,bachelor,t,f,2026-03-06 19:56:55.269149+07,https://huongnghiepviet.com/nganh-nghe,2026-03-06 19:56:55.839747+07,2026-03-06 19:56:55.839747+07
b4bee1a7-50fb-447e-9981-815cf0ed1dfc,7310608,Đông Nam Á học,Xã hội và Hành vi,731,,[],[],[],"[""I"", ""S""]",[],4,bachelor,t,f,2026-03-06 19:56:55.269149+07,https://huongnghiepviet.com/nganh-nghe,2026-03-06 19:56:55.839747+07,2026-03-06 19:56:55.839747+07
383401cc-46e2-4123-a511-6d0ec2048601,7310630,Việt Nam học,Xã hội và Hành vi,731,,[],[],[],"[""S"", ""A""]",[],4,bachelor,t,f,2026-03-06 19:56:55.269149+07,https://huongnghiepviet.com/nganh-nghe,2026-03-06 19:56:55.839747+07,2026-03-06 19:56:55.839747+07
fda06186-e148-4e41-bd80-09f32324b645,7310602,Đông phương học,Xã hội và Hành vi,731,,[],[],[],"[""I"", ""S"", ""A""]",[],4,bachelor,t,f,2026-03-06 19:56:55.269149+07,https://huongnghiepviet.com/nganh-nghe,2026-03-06 19:56:55.839747+07,2026-03-06 19:56:55.839747+07
ae171318-6bd3-4551-8fd9-f6a312973307,7310612,Nhật Bản học,Xã hội và Hành vi,731,,[],[],[],"[""I"", ""S""]",[],4,bachelor,t,f,2026-03-06 19:56:55.269149+07,https://huongnghiepviet.com/nganh-nghe,2026-03-06 19:56:55.839747+07,2026-03-06 19:56:55.839747+07
08f99273-12bd-4c4d-a9fd-de51c4ce563e,7310613,Hàn Quốc học,Xã hội và Hành vi,731,,[],[],[],"[""I"", ""S""]",[],4,bachelor,t,f,2026-03-06 19:56:55.269149+07,https://huongnghiepviet.com/nganh-nghe,2026-03-06 19:56:55.839747+07,2026-03-06 19:56:55.839747+07
9b52cb7c-d186-438f-b77e-42c45340f3a8,7320101,Báo chí,Báo chí và Thông tin,732,,[],[],[],"[""A"", ""E"", ""S""]",[],4,bachelor,t,f,2026-03-06 19:56:55.269149+07,https://huongnghiepviet.com/nganh-nghe,2026-03-06 19:56:55.839747+07,2026-03-06 19:56:55.839747+07
c00b0db5-7284-4391-a364-69680c541694,7320106,Truyền thông đa phương tiện,Báo chí và Thông tin,732,,[],[],[],"[""A"", ""E"", ""R""]",[],4,bachelor,t,f,2026-03-06 19:56:55.269149+07,https://huongnghiepviet.com/nganh-nghe,2026-03-06 19:56:55.839747+07,2026-03-06 19:56:55.839747+07
4145acc7-a041-47b2-b779-4e93b36f71a6,7320108,Quan hệ công chúng,Báo chí và Thông tin,732,,[],[],[],"[""E"", ""S"", ""A""]",[],4,bachelor,t,f,2026-03-06 19:56:55.269149+07,https://huongnghiepviet.com/nganh-nghe,2026-03-06 19:56:55.839747+07,2026-03-06 19:56:55.839747+07
1dc0d95c-7aed-4603-96c1-bfe75de661be,7320201,Thông tin - thư viện,Báo chí và Thông tin,732,,[],[],[],"[""C"", ""S""]",[],4,bachelor,t,f,2026-03-06 19:56:55.269149+07,https://huongnghiepviet.com/nganh-nghe,2026-03-06 19:56:55.839747+07,2026-03-06 19:56:55.839747+07
695e88a8-57ec-4152-b8fb-98c695fad1b1,7320305,Quản lý thông tin,Báo chí và Thông tin,732,,[],[],[],"[""C"", ""E""]",[],4,bachelor,t,f,2026-03-06 19:56:55.269149+07,https://huongnghiepviet.com/nganh-nghe,2026-03-06 19:56:55.839747+07,2026-03-06 19:56:55.839747+07
dd2f5ed9-ddcc-4fc0-bc1b-78ef314305d3,7320105,Truyền thông đại chúng,Báo chí và Thông tin,732,,[],[],[],"[""E"", ""A"", ""S""]",[],4,bachelor,t,f,2026-03-06 19:56:55.269149+07,https://huongnghiepviet.com/nganh-nghe,2026-03-06 19:56:55.839747+07,2026-03-06 19:56:55.839747+07
3b08b853-d3b5-4a75-b002-bce59eb86b9c,7340101,Quản trị kinh doanh,Kinh doanh và Quản lý,734,,[],[],[],"[""E"", ""S""]",[],4,bachelor,t,f,2026-03-06 19:56:55.269149+07,https://huongnghiepviet.com/nganh-nghe,2026-03-06 19:56:55.839747+07,2026-03-06 19:56:55.839747+07
f5e49647-0e1f-4891-86cf-009fba132f1e,7340115,Marketing,Kinh doanh và Quản lý,734,,[],[],[],"[""E"", ""A""]",[],4,bachelor,t,f,2026-03-06 19:56:55.269149+07,https://huongnghiepviet.com/nganh-nghe,2026-03-06 19:56:55.839747+07,2026-03-06 19:56:55.839747+07
7c406f01-d18d-43cc-a211-bd2d6b78b5de,7340120,Kinh doanh quốc tế,Kinh doanh và Quản lý,734,,[],[],[],"[""E"", ""I""]",[],4,bachelor,t,f,2026-03-06 19:56:55.269149+07,https://huongnghiepviet.com/nganh-nghe,2026-03-06 19:56:55.839747+07,2026-03-06 19:56:55.839747+07
ca87e629-64a8-4603-a89e-c254d99bdcbb,7340121,Kinh doanh thương mại,Kinh doanh và Quản lý,734,,[],[],[],"[""E"", ""S""]",[],4,bachelor,t,f,2026-03-06 19:56:55.269149+07,https://huongnghiepviet.com/nganh-nghe,2026-03-06 19:56:55.839747+07,2026-03-06 19:56:55.839747+07
09fb953b-7335-4219-ad1a-bf59b345842e,7340122,Logistics và Quản lý chuỗi cung ứng,Kinh doanh và Quản lý,734,,[],[],[],"[""E"", ""C""]",[],4,bachelor,t,f,2026-03-06 19:56:55.269149+07,https://huongnghiepviet.com/nganh-nghe,2026-03-06 19:56:55.839747+07,2026-03-06 19:56:55.839747+07
3c251aa6-8d68-412c-9eb5-8bd7f2549207,7340201,Tài chính - Ngân hàng,Kinh doanh và Quản lý,734,,[],[],[],"[""E"", ""C""]",[],4,bachelor,t,f,2026-03-06 19:56:55.269149+07,https://huongnghiepviet.com/nganh-nghe,2026-03-06 19:56:55.839747+07,2026-03-06 19:56:55.839747+07
222f2774-daa6-4e80-9f32-ec64e244daac,7340202,Bảo hiểm,Kinh doanh và Quản lý,734,,[],[],[],"[""C"", ""E""]",[],4,bachelor,t,f,2026-03-06 19:56:55.269149+07,https://huongnghiepviet.com/nganh-nghe,2026-03-06 19:56:55.839747+07,2026-03-06 19:56:55.839747+07
34aaa64b-efa5-4f37-a816-2832cddb9b26,7340301,Kế toán,Kinh doanh và Quản lý,734,,[],[],[],"[""C"", ""I""]",[],4,bachelor,t,f,2026-03-06 19:56:55.269149+07,https://huongnghiepviet.com/nganh-nghe,2026-03-06 19:56:55.839747+07,2026-03-06 19:56:55.839747+07
748a0a05-cffb-4fc4-869b-d2f63fba99d2,7340302,Kiểm toán,Kinh doanh và Quản lý,734,,[],[],[],"[""C"", ""I""]",[],4,bachelor,t,f,2026-03-06 19:56:55.269149+07,https://huongnghiepviet.com/nganh-nghe,2026-03-06 19:56:55.839747+07,2026-03-06 19:56:55.839747+07
c0a30314-5f38-414a-a289-5f65491ba7c5,7340401,Quản trị nhân lực,Kinh doanh và Quản lý,734,,[],[],[],"[""E"", ""S""]",[],4,bachelor,t,f,2026-03-06 19:56:55.269149+07,https://huongnghiepviet.com/nganh-nghe,2026-03-06 19:56:55.839747+07,2026-03-06 19:56:55.839747+07
d2f0619c-baef-4e68-afda-a9aaa4191949,7340403,Quản trị văn phòng,Kinh doanh và Quản lý,734,,[],[],[],"[""C"", ""S""]",[],4,bachelor,t,f,2026-03-06 19:56:55.269149+07,https://huongnghiepviet.com/nganh-nghe,2026-03-06 19:56:55.839747+07,2026-03-06 19:56:55.839747+07
00f79562-ac7f-4acf-ad25-44c81f6b7570,7340404,Hệ thống thông tin quản lý,Kinh doanh và Quản lý,734,,[],[],[],"[""C"", ""E"", ""I""]",[],4,bachelor,t,f,2026-03-06 19:56:55.269149+07,https://huongnghiepviet.com/nganh-nghe,2026-03-06 19:56:55.839747+07,2026-03-06 19:56:55.839747+07
d494c7e7-cfc6-4529-8793-47f5bdd587fa,7340405,Thương mại điện tử,Kinh doanh và Quản lý,734,,[],[],[],"[""E"", ""C"", ""I""]",[],4,bachelor,t,f,2026-03-06 19:56:55.269149+07,https://huongnghiepviet.com/nganh-nghe,2026-03-06 19:56:55.839747+07,2026-03-06 19:56:55.839747+07
2420dd7f-7631-4670-8230-1360a8e2601c,7340409,Quản lý dự án,Kinh doanh và Quản lý,734,,[],[],[],"[""E"", ""C""]",[],4,bachelor,t,f,2026-03-06 19:56:55.269149+07,https://huongnghiepviet.com/nganh-nghe,2026-03-06 19:56:55.839747+07,2026-03-06 19:56:55.839747+07
ac36f253-24c1-4078-9359-0650f15b0795,7340124,Bất động sản,Kinh doanh và Quản lý,734,,[],[],[],"[""E"", ""S""]",[],4,bachelor,t,f,2026-03-06 19:56:55.269149+07,https://huongnghiepviet.com/nganh-nghe,2026-03-06 19:56:55.839747+07,2026-03-06 19:56:55.839747+07
6919da55-9851-41dd-9520-c588afd0f025,7380101,Luật,Pháp luật,738,,[],[],[],"[""E"", ""I"", ""S""]",[],4,bachelor,t,f,2026-03-06 19:56:55.269149+07,https://huongnghiepviet.com/nganh-nghe,2026-03-06 19:56:55.839747+07,2026-03-06 19:56:55.839747+07
7d689f06-9b5a-474c-8c11-19075d8989b3,7380107,Luật kinh tế,Pháp luật,738,,[],[],[],"[""E"", ""I"", ""C""]",[],4,bachelor,t,f,2026-03-06 19:56:55.269149+07,https://huongnghiepviet.com/nganh-nghe,2026-03-06 19:56:55.839747+07,2026-03-06 19:56:55.839747+07
69b6641a-d31a-435f-b8c4-da96bc68269c,7380103,Luật quốc tế,Pháp luật,738,,[],[],[],"[""E"", ""I"", ""S""]",[],4,bachelor,t,f,2026-03-06 19:56:55.269149+07,https://huongnghiepviet.com/nganh-nghe,2026-03-06 19:56:55.839747+07,2026-03-06 19:56:55.839747+07
070e1bca-e694-45e2-8716-469eb8d6e2fb,7380102,Luật hàng hải,Pháp luật,738,,[],[],[],"[""E"", ""I""]",[],4,bachelor,t,f,2026-03-06 19:56:55.269149+07,https://huongnghiepviet.com/nganh-nghe,2026-03-06 19:56:55.839747+07,2026-03-06 19:56:55.839747+07
8db19e9a-d8db-4ff5-9202-b3c2347c1a8a,7420101,Sinh học,Khoa học sự sống,742,,[],[],[],"[""I"", ""R""]",[],4,bachelor,t,f,2026-03-06 19:56:55.269149+07,https://huongnghiepviet.com/nganh-nghe,2026-03-06 19:56:55.839747+07,2026-03-06 19:56:55.839747+07
cf2bdbda-93aa-4126-a978-8c87a1c73696,7420201,Công nghệ sinh học,Khoa học sự sống,742,,[],[],[],"[""I"", ""R""]",[],4,bachelor,t,f,2026-03-06 19:56:55.269149+07,https://huongnghiepviet.com/nganh-nghe,2026-03-06 19:56:55.839747+07,2026-03-06 19:56:55.839747+07
e8f40061-73ca-4a76-8044-9376ebf33a44,7440101,Vật lý học,Khoa học tự nhiên,744,,[],[],[],"[""I"", ""R""]",[],4,bachelor,t,f,2026-03-06 19:56:55.269149+07,https://huongnghiepviet.com/nganh-nghe,2026-03-06 19:56:55.839747+07,2026-03-06 19:56:55.839747+07
a80d720c-1ab5-4c70-8e6b-92a8420a8572,7440112,Hóa học,Khoa học tự nhiên,744,,[],[],[],"[""I"", ""R""]",[],4,bachelor,t,f,2026-03-06 19:56:55.269149+07,https://huongnghiepviet.com/nganh-nghe,2026-03-06 19:56:55.839747+07,2026-03-06 19:56:55.839747+07
a4dd8ca7-a13d-4564-84e9-824778856ea7,7440122,Khoa học vật liệu,Khoa học tự nhiên,744,,[],[],[],"[""I"", ""R""]",[],4,bachelor,t,f,2026-03-06 19:56:55.269149+07,https://huongnghiepviet.com/nganh-nghe,2026-03-06 19:56:55.839747+07,2026-03-06 19:56:55.839747+07
dfde6c94-6b05-436f-b5d0-363e3b5c1a86,7440301,Địa chất học,Khoa học tự nhiên,744,,[],[],[],"[""I"", ""R""]",[],4,bachelor,t,f,2026-03-06 19:56:55.269149+07,https://huongnghiepviet.com/nganh-nghe,2026-03-06 19:56:55.839747+07,2026-03-06 19:56:55.839747+07
04895c96-73c4-464d-8ffd-0cce7e11e9a3,7440201,Khoa học môi trường,Khoa học tự nhiên,744,,[],[],[],"[""I"", ""S""]",[],4,bachelor,t,f,2026-03-06 19:56:55.269149+07,https://huongnghiepviet.com/nganh-nghe,2026-03-06 19:56:55.839747+07,2026-03-06 19:56:55.839747+07
20c96817-0ff4-46a8-83a7-f6523267ff1d,7440302,Địa chất y sinh,Khoa học tự nhiên,744,,[],[],[],"[""I"", ""S""]",[],4,bachelor,t,f,2026-03-06 19:56:55.269149+07,https://huongnghiepviet.com/nganh-nghe,2026-03-06 19:56:55.839747+07,2026-03-06 19:56:55.839747+07
39c97f60-1c1a-4e68-bc86-be678774f0b7,7460101,Toán học,Toán và Thống kê,746,,[],[],[],"[""I"", ""C""]",[],4,bachelor,t,f,2026-03-06 19:56:55.269149+07,https://huongnghiepviet.com/nganh-nghe,2026-03-06 19:56:55.839747+07,2026-03-06 19:56:55.839747+07
cef82567-da5b-4556-8dae-fb5e1282294b,7460112,Toán ứng dụng,Toán và Thống kê,746,,[],[],[],"[""I"", ""C""]",[],4,bachelor,t,f,2026-03-06 19:56:55.269149+07,https://huongnghiepviet.com/nganh-nghe,2026-03-06 19:56:55.839747+07,2026-03-06 19:56:55.839747+07
960fc58d-0f41-43db-b231-2ff714e5f086,7460115,Toán tin,Toán và Thống kê,746,,[],[],[],"[""I"", ""C"", ""R""]",[],4,bachelor,t,f,2026-03-06 19:56:55.269149+07,https://huongnghiepviet.com/nganh-nghe,2026-03-06 19:56:55.839747+07,2026-03-06 19:56:55.839747+07
632405d1-69a6-4886-bf9a-46b44f7fe900,7460201,Thống kê,Toán và Thống kê,746,,[],[],[],"[""I"", ""C""]",[],4,bachelor,t,f,2026-03-06 19:56:55.269149+07,https://huongnghiepviet.com/nganh-nghe,2026-03-06 19:56:55.839747+07,2026-03-06 19:56:55.839747+07
034f22b7-249e-40ea-9b55-a86a5499f9e5,7480101,Khoa học máy tính,Máy tính và CNTT,748,,[],[],[],"[""I"", ""R""]",[],4,bachelor,t,f,2026-03-06 19:56:55.269149+07,https://huongnghiepviet.com/nganh-nghe,2026-03-06 19:56:55.839747+07,2026-03-06 19:56:55.839747+07
4a5e06d7-acc8-401a-9710-d94c93c2ffee,7480102,Mạng máy tính và truyền thông dữ liệu,Máy tính và CNTT,748,,[],[],[],"[""I"", ""R""]",[],4,bachelor,t,f,2026-03-06 19:56:55.269149+07,https://huongnghiepviet.com/nganh-nghe,2026-03-06 19:56:55.839747+07,2026-03-06 19:56:55.839747+07
299f5802-01de-4f04-9934-a11f87021839,7480103,Kỹ thuật phần mềm,Máy tính và CNTT,748,,[],[],[],"[""I"", ""C""]",[],4,bachelor,t,f,2026-03-06 19:56:55.269149+07,https://huongnghiepviet.com/nganh-nghe,2026-03-06 19:56:55.839747+07,2026-03-06 19:56:55.839747+07
061106a5-0476-4a1b-980b-ad31674566d4,7480104,Hệ thống thông tin,Máy tính và CNTT,748,,[],[],[],"[""I"", ""C"", ""E""]",[],4,bachelor,t,f,2026-03-06 19:56:55.269149+07,https://huongnghiepviet.com/nganh-nghe,2026-03-06 19:56:55.839747+07,2026-03-06 19:56:55.839747+07
62f255ae-544c-4afc-bce3-5e54228f5d96,7480106,Kỹ thuật máy tính,Máy tính và CNTT,748,,[],[],[],"[""I"", ""R""]",[],4,bachelor,t,f,2026-03-06 19:56:55.269149+07,https://huongnghiepviet.com/nganh-nghe,2026-03-06 19:56:55.839747+07,2026-03-06 19:56:55.839747+07
8849a7f4-2213-4a6f-8874-47f9677654d2,7480107,Trí tuệ nhân tạo,Máy tính và CNTT,748,,[],[],[],"[""I"", ""R""]",[],4,bachelor,t,f,2026-03-06 19:56:55.269149+07,https://huongnghiepviet.com/nganh-nghe,2026-03-06 19:56:55.839747+07,2026-03-06 19:56:55.839747+07
26d28ba2-1af5-48a9-ac5a-84a6645f1e09,7480108,Khoa học dữ liệu,Máy tính và CNTT,748,,[],[],[],"[""I"", ""C""]",[],4,bachelor,t,f,2026-03-06 19:56:55.269149+07,https://huongnghiepviet.com/nganh-nghe,2026-03-06 19:56:55.839747+07,2026-03-06 19:56:55.839747+07
d7156cc8-53e5-4d9e-b91a-e5850ae2cd27,7480201,Công nghệ thông tin,Máy tính và CNTT,748,,[],[],[],"[""I"", ""R""]",[],4,bachelor,t,f,2026-03-06 19:56:55.269149+07,https://huongnghiepviet.com/nganh-nghe,2026-03-06 19:56:55.839747+07,2026-03-06 19:56:55.839747+07
b8efe85a-e1ff-453e-ae5d-4feee39dd716,7480202,An toàn thông tin,Máy tính và CNTT,748,,[],[],[],"[""I"", ""R""]",[],4,bachelor,t,f,2026-03-06 19:56:55.269149+07,https://huongnghiepviet.com/nganh-nghe,2026-03-06 19:56:55.839747+07,2026-03-06 19:56:55.839747+07
3e8c952a-ec11-46e0-a3a6-e2a448c29e29,7510102,Công nghệ kỹ thuật công trình xây dựng,Công nghệ kỹ thuật,751,,[],[],[],"[""R"", ""I""]",[],4,bachelor,t,f,2026-03-06 19:56:55.269149+07,https://huongnghiepviet.com/nganh-nghe,2026-03-06 19:56:55.839747+07,2026-03-06 19:56:55.839747+07
2b9454a0-ed66-4d95-83cc-3408ef70ce11,7510201,Công nghệ kỹ thuật cơ khí,Công nghệ kỹ thuật,751,,[],[],[],"[""R"", ""I""]",[],4,bachelor,t,f,2026-03-06 19:56:55.269149+07,https://huongnghiepviet.com/nganh-nghe,2026-03-06 19:56:55.839747+07,2026-03-06 19:56:55.839747+07
8040d49c-0eb8-4e2e-b96c-e4e5ec347577,7510203,Công nghệ kỹ thuật ô tô,Công nghệ kỹ thuật,751,,[],[],[],"[""R"", ""I""]",[],4,bachelor,t,f,2026-03-06 19:56:55.269149+07,https://huongnghiepviet.com/nganh-nghe,2026-03-06 19:56:55.839747+07,2026-03-06 19:56:55.839747+07
04d068c8-0a11-4d54-80b0-22a7a67a3d4a,7510205,Công nghệ kỹ thuật nhiệt,Công nghệ kỹ thuật,751,,[],[],[],"[""R"", ""I""]",[],4,bachelor,t,f,2026-03-06 19:56:55.269149+07,https://huongnghiepviet.com/nganh-nghe,2026-03-06 19:56:55.839747+07,2026-03-06 19:56:55.839747+07
a584fdad-b7b0-434f-b8a4-22c096790abb,7510301,"Công nghệ kỹ thuật điện, điện tử",Công nghệ kỹ thuật,751,,[],[],[],"[""R"", ""I""]",[],4,bachelor,t,f,2026-03-06 19:56:55.269149+07,https://huongnghiepviet.com/nganh-nghe,2026-03-06 19:56:55.839747+07,2026-03-06 19:56:55.839747+07
46ffadcb-73dd-4b4e-badc-7179da92b394,7510302,Công nghệ kỹ thuật điện tử - viễn thông,Công nghệ kỹ thuật,751,,[],[],[],"[""R"", ""I""]",[],4,bachelor,t,f,2026-03-06 19:56:55.269149+07,https://huongnghiepviet.com/nganh-nghe,2026-03-06 19:56:55.839747+07,2026-03-06 19:56:55.839747+07
a4d7320b-c843-4d6f-9f91-7dd4fe36c263,7510303,Công nghệ kỹ thuật điều khiển và tự động hóa,Công nghệ kỹ thuật,751,,[],[],[],"[""R"", ""I""]",[],4,bachelor,t,f,2026-03-06 19:56:55.269149+07,https://huongnghiepviet.com/nganh-nghe,2026-03-06 19:56:55.839747+07,2026-03-06 19:56:55.839747+07
d238e283-d108-4ef6-8c90-c5cbdeed784c,7510401,Công nghệ kỹ thuật hóa học,Công nghệ kỹ thuật,751,,[],[],[],"[""I"", ""R""]",[],4,bachelor,t,f,2026-03-06 19:56:55.269149+07,https://huongnghiepviet.com/nganh-nghe,2026-03-06 19:56:55.839747+07,2026-03-06 19:56:55.839747+07
bffa5e15-ba45-44bc-9bc6-90eaaf1bcb48,7510406,Công nghệ kỹ thuật môi trường,Công nghệ kỹ thuật,751,,[],[],[],"[""I"", ""R""]",[],4,bachelor,t,f,2026-03-06 19:56:55.269149+07,https://huongnghiepviet.com/nganh-nghe,2026-03-06 19:56:55.839747+07,2026-03-06 19:56:55.839747+07
a11a6db1-0de0-4b26-bf16-65f04ad1a408,7510601,Quản lý công nghiệp,Công nghệ kỹ thuật,751,,[],[],[],"[""E"", ""C""]",[],4,bachelor,t,f,2026-03-06 19:56:55.269149+07,https://huongnghiepviet.com/nganh-nghe,2026-03-06 19:56:55.839747+07,2026-03-06 19:56:55.839747+07
086777a9-4073-4db1-bde3-28013fe77b1e,7510202,Công nghệ chế tạo máy,Công nghệ kỹ thuật,751,,[],[],[],"[""R"", ""I""]",[],4,bachelor,t,f,2026-03-06 19:56:55.269149+07,https://huongnghiepviet.com/nganh-nghe,2026-03-06 19:56:55.839747+07,2026-03-06 19:56:55.839747+07
d1c02b73-d09e-4041-bf57-d30f5131580a,7510206,Công nghệ kỹ thuật tàu thủy,Công nghệ kỹ thuật,751,,[],[],[],"[""R"", ""I""]",[],4,bachelor,t,f,2026-03-06 19:56:55.269149+07,https://huongnghiepviet.com/nganh-nghe,2026-03-06 19:56:55.839747+07,2026-03-06 19:56:55.839747+07
fe5e6980-8917-4a79-a96d-c9c4b6187604,7510207,Bảo dưỡng công nghiệp,Công nghệ kỹ thuật,751,,[],[],[],"[""R"", ""C""]",[],4,bachelor,t,f,2026-03-06 19:56:55.269149+07,https://huongnghiepviet.com/nganh-nghe,2026-03-06 19:56:55.839747+07,2026-03-06 19:56:55.839747+07
f3f9bd55-97d9-4257-aba9-fec06b69a2aa,7520103,Kỹ thuật cơ khí,Kỹ thuật,752,,[],[],[],"[""R"", ""I""]",[],4,bachelor,t,f,2026-03-06 19:56:55.269149+07,https://huongnghiepviet.com/nganh-nghe,2026-03-06 19:56:55.839747+07,2026-03-06 19:56:55.839747+07
cbcd6922-33be-40a2-8338-4efaba96711e,7520114,Kỹ thuật cơ điện tử,Kỹ thuật,752,,[],[],[],"[""R"", ""I""]",[],4,bachelor,t,f,2026-03-06 19:56:55.269149+07,https://huongnghiepviet.com/nganh-nghe,2026-03-06 19:56:55.839747+07,2026-03-06 19:56:55.839747+07
1959c781-9214-42e8-af3c-02cc5e872492,7520115,Kỹ thuật nhiệt,Kỹ thuật,752,,[],[],[],"[""R"", ""I""]",[],4,bachelor,t,f,2026-03-06 19:56:55.269149+07,https://huongnghiepviet.com/nganh-nghe,2026-03-06 19:56:55.839747+07,2026-03-06 19:56:55.839747+07
045fba29-6fe1-4b7c-9f4d-8255573d3964,7520116,Kỹ thuật Robot và Trí tuệ nhân tạo,Kỹ thuật,752,,[],[],[],"[""R"", ""I""]",[],4,bachelor,t,f,2026-03-06 19:56:55.269149+07,https://huongnghiepviet.com/nganh-nghe,2026-03-06 19:56:55.839747+07,2026-03-06 19:56:55.839747+07
4d36f65f-c9c6-4cb1-895a-bf957ab9e56c,7520121,Kỹ thuật tàu thủy,Kỹ thuật,752,,[],[],[],"[""R"", ""I""]",[],4,bachelor,t,f,2026-03-06 19:56:55.269149+07,https://huongnghiepviet.com/nganh-nghe,2026-03-06 19:56:55.839747+07,2026-03-06 19:56:55.839747+07
10ed0f32-7bd4-472e-b484-ac1c77f3d844,7520130,Kỹ thuật ô tô,Kỹ thuật,752,,[],[],[],"[""R"", ""I""]",[],4,bachelor,t,f,2026-03-06 19:56:55.269149+07,https://huongnghiepviet.com/nganh-nghe,2026-03-06 19:56:55.839747+07,2026-03-06 19:56:55.839747+07
b2dc03d9-f73b-4819-8645-7a12e291d09e,7520102,Kỹ thuật hàng không,Kỹ thuật,752,,[],[],[],"[""R"", ""I""]",[],4,bachelor,t,f,2026-03-06 19:56:55.269149+07,https://huongnghiepviet.com/nganh-nghe,2026-03-06 19:56:55.839747+07,2026-03-06 19:56:55.839747+07
b270f0a2-f628-43d0-b5f4-ff9b07baa085,7520101,Kỹ thuật không gian,Kỹ thuật,752,,[],[],[],"[""I"", ""R""]",[],4,bachelor,t,f,2026-03-06 19:56:55.269149+07,https://huongnghiepviet.com/nganh-nghe,2026-03-06 19:56:55.839747+07,2026-03-06 19:56:55.839747+07
bdffb13f-7b95-4caa-ac15-b21a7a126880,7520201,Kỹ thuật điện,Kỹ thuật,752,,[],[],[],"[""R"", ""I""]",[],4,bachelor,t,f,2026-03-06 19:56:55.269149+07,https://huongnghiepviet.com/nganh-nghe,2026-03-06 19:56:55.839747+07,2026-03-06 19:56:55.839747+07
938e6aa4-cbab-43fa-842a-f2f743619d63,7520207,Kỹ thuật điện tử - viễn thông,Kỹ thuật,752,,[],[],[],"[""R"", ""I""]",[],4,bachelor,t,f,2026-03-06 19:56:55.269149+07,https://huongnghiepviet.com/nganh-nghe,2026-03-06 19:56:55.839747+07,2026-03-06 19:56:55.839747+07
e4850d13-57be-485d-a00a-668e7ac355b6,7520216,Kỹ thuật điều khiển và tự động hóa,Kỹ thuật,752,,[],[],[],"[""R"", ""I""]",[],4,bachelor,t,f,2026-03-06 19:56:55.269149+07,https://huongnghiepviet.com/nganh-nghe,2026-03-06 19:56:55.839747+07,2026-03-06 19:56:55.839747+07
86ee9d43-993d-4c8c-ae58-3cb3701e863b,7520301,Kỹ thuật hóa học,Kỹ thuật,752,,[],[],[],"[""I"", ""R""]",[],4,bachelor,t,f,2026-03-06 19:56:55.269149+07,https://huongnghiepviet.com/nganh-nghe,2026-03-06 19:56:55.839747+07,2026-03-06 19:56:55.839747+07
d53245f0-a07b-4be7-9d02-6070d4863218,7520503,Kỹ thuật môi trường,Kỹ thuật,752,,[],[],[],"[""I"", ""R""]",[],4,bachelor,t,f,2026-03-06 19:56:55.269149+07,https://huongnghiepviet.com/nganh-nghe,2026-03-06 19:56:55.839747+07,2026-03-06 19:56:55.839747+07
676ecee9-cd8d-4a32-9e21-cc705e3edfc4,7520309,Kỹ thuật vật liệu,Kỹ thuật,752,,[],[],[],"[""I"", ""R""]",[],4,bachelor,t,f,2026-03-06 19:56:55.269149+07,https://huongnghiepviet.com/nganh-nghe,2026-03-06 19:56:55.839747+07,2026-03-06 19:56:55.839747+07
fa464470-3a3f-468e-a41e-4e45e40fbf62,7520171,Kỹ thuật y sinh,Kỹ thuật,752,,[],[],[],"[""I"", ""R""]",[],4,bachelor,t,f,2026-03-06 19:56:55.269149+07,https://huongnghiepviet.com/nganh-nghe,2026-03-06 19:56:55.839747+07,2026-03-06 19:56:55.839747+07
67e2b680-6a5b-47ef-b49d-895d29e2840c,7520604,Kỹ thuật dầu khí,Kỹ thuật,752,,[],[],[],"[""I"", ""R""]",[],4,bachelor,t,f,2026-03-06 19:56:55.269149+07,https://huongnghiepviet.com/nganh-nghe,2026-03-06 19:56:55.839747+07,2026-03-06 19:56:55.839747+07
af75056e-a7e9-4814-924c-ed3a55eb4630,7520104,Cơ kỹ thuật,Kỹ thuật,752,,[],[],[],"[""I"", ""R""]",[],4,bachelor,t,f,2026-03-06 19:56:55.269149+07,https://huongnghiepviet.com/nganh-nghe,2026-03-06 19:56:55.839747+07,2026-03-06 19:56:55.839747+07
fd1659d7-3641-4576-b47d-e06e71e69414,7520117,Kỹ thuật công nghiệp,Kỹ thuật,752,,[],[],[],"[""R"", ""E"", ""C""]",[],4,bachelor,t,f,2026-03-06 19:56:55.269149+07,https://huongnghiepviet.com/nganh-nghe,2026-03-06 19:56:55.839747+07,2026-03-06 19:56:55.839747+07
e4ef56c3-416d-4c4a-a81d-90816887efbf,7520118,Kỹ thuật hệ thống công nghiệp,Kỹ thuật,752,,[],[],[],"[""I"", ""E"", ""C""]",[],4,bachelor,t,f,2026-03-06 19:56:55.269149+07,https://huongnghiepviet.com/nganh-nghe,2026-03-06 19:56:55.839747+07,2026-03-06 19:56:55.839747+07
22bf409d-3ae9-45fd-9a7b-def7c00ebcd4,7520401,Vật lý kỹ thuật,Kỹ thuật,752,,[],[],[],"[""I"", ""R""]",[],4,bachelor,t,f,2026-03-06 19:56:55.269149+07,https://huongnghiepviet.com/nganh-nghe,2026-03-06 19:56:55.839747+07,2026-03-06 19:56:55.839747+07
c7012b2a-0fa7-4905-a558-5ab1fccca5fc,7520402,Kỹ thuật hạt nhân,Kỹ thuật,752,,[],[],[],"[""I"", ""R""]",[],4,bachelor,t,f,2026-03-06 19:56:55.269149+07,https://huongnghiepviet.com/nganh-nghe,2026-03-06 19:56:55.839747+07,2026-03-06 19:56:55.839747+07
ca4c25fb-e2a1-4e6b-b864-662a469e5947,7520501,Kỹ thuật địa chất,Kỹ thuật,752,,[],[],[],"[""R"", ""I""]",[],4,bachelor,t,f,2026-03-06 19:56:55.269149+07,https://huongnghiepviet.com/nganh-nghe,2026-03-06 19:56:55.839747+07,2026-03-06 19:56:55.839747+07
7a65f206-f83e-4fb9-81b4-1fd38c804cc2,7520502,Kỹ thuật trắc địa - bản đồ,Kỹ thuật,752,,[],[],[],"[""R"", ""I"", ""C""]",[],4,bachelor,t,f,2026-03-06 19:56:55.269149+07,https://huongnghiepviet.com/nganh-nghe,2026-03-06 19:56:55.839747+07,2026-03-06 19:56:55.839747+07
d1b20613-c9b6-4b0e-9ece-06ad309384b3,7520601,Kỹ thuật mỏ,Kỹ thuật,752,,[],[],[],"[""R"", ""I""]",[],4,bachelor,t,f,2026-03-06 19:56:55.269149+07,https://huongnghiepviet.com/nganh-nghe,2026-03-06 19:56:55.839747+07,2026-03-06 19:56:55.839747+07
62b16021-4879-4e8a-8d82-723cb80c686e,7540101,Công nghệ thực phẩm,Sản xuất và Chế biến,754,,[],[],[],"[""I"", ""R""]",[],4,bachelor,t,f,2026-03-06 19:56:55.269149+07,https://huongnghiepviet.com/nganh-nghe,2026-03-06 19:56:55.839747+07,2026-03-06 19:56:55.839747+07
64305aab-f986-450c-9a62-a260d3daca96,7540104,Công nghệ sau thu hoạch,Sản xuất và Chế biến,754,,[],[],[],"[""I"", ""R""]",[],4,bachelor,t,f,2026-03-06 19:56:55.269149+07,https://huongnghiepviet.com/nganh-nghe,2026-03-06 19:56:55.839747+07,2026-03-06 19:56:55.839747+07
eb39d954-950e-4226-b893-ab421afd5b26,7540204,"Công nghệ dệt, may",Sản xuất và Chế biến,754,,[],[],[],"[""R"", ""C""]",[],4,bachelor,t,f,2026-03-06 19:56:55.269149+07,https://huongnghiepviet.com/nganh-nghe,2026-03-06 19:56:55.839747+07,2026-03-06 19:56:55.839747+07
54e32e4a-8e44-452e-868b-3acd9587839e,7540202,"Công nghệ sợi, dệt",Sản xuất và Chế biến,754,,[],[],[],"[""R"", ""C""]",[],4,bachelor,t,f,2026-03-06 19:56:55.269149+07,https://huongnghiepviet.com/nganh-nghe,2026-03-06 19:56:55.839747+07,2026-03-06 19:56:55.839747+07
09ae67f6-5a7c-4f4d-b4e9-bf65021dfb30,7540105,Công nghệ chế biến thủy sản,Sản xuất và Chế biến,754,,[],[],[],"[""R"", ""I""]",[],4,bachelor,t,f,2026-03-06 19:56:55.269149+07,https://huongnghiepviet.com/nganh-nghe,2026-03-06 19:56:55.839747+07,2026-03-06 19:56:55.839747+07
d3f45b1f-dc35-49f2-86c1-2a9da54f0fa5,7540106,Công nghệ chế biến lâm sản,Sản xuất và Chế biến,754,,[],[],[],"[""R"", ""I""]",[],4,bachelor,t,f,2026-03-06 19:56:55.269149+07,https://huongnghiepviet.com/nganh-nghe,2026-03-06 19:56:55.839747+07,2026-03-06 19:56:55.839747+07
8a021caf-a181-476c-ba01-2fa72cab02eb,7580101,Kiến trúc,Kiến trúc và Xây dựng,758,,[],[],[],"[""A"", ""I"", ""R""]",[],4,bachelor,t,f,2026-03-06 19:56:55.269149+07,https://huongnghiepviet.com/nganh-nghe,2026-03-06 19:56:55.839747+07,2026-03-06 19:56:55.839747+07
a0d7ba19-65b8-4cd5-940e-51be79c291b3,7580102,Kiến trúc cảnh quan,Kiến trúc và Xây dựng,758,,[],[],[],"[""A"", ""R""]",[],4,bachelor,t,f,2026-03-06 19:56:55.269149+07,https://huongnghiepviet.com/nganh-nghe,2026-03-06 19:56:55.839747+07,2026-03-06 19:56:55.839747+07
9b38ed22-d9aa-451b-9147-0148cd51dd08,7580103,Quy hoạch vùng và đô thị,Kiến trúc và Xây dựng,758,,[],[],[],"[""I"", ""A"", ""E""]",[],4,bachelor,t,f,2026-03-06 19:56:55.269149+07,https://huongnghiepviet.com/nganh-nghe,2026-03-06 19:56:55.839747+07,2026-03-06 19:56:55.839747+07
5ea480cc-1925-4119-972c-306577b8afa6,7580108,Thiết kế nội thất,Kiến trúc và Xây dựng,758,,[],[],[],"[""A"", ""R"", ""E""]",[],4,bachelor,t,f,2026-03-06 19:56:55.269149+07,https://huongnghiepviet.com/nganh-nghe,2026-03-06 19:56:55.839747+07,2026-03-06 19:56:55.839747+07
4b58aca3-d818-4202-bdc0-cd8225da64de,7580201,Kỹ thuật xây dựng,Kiến trúc và Xây dựng,758,,[],[],[],"[""R"", ""I""]",[],4,bachelor,t,f,2026-03-06 19:56:55.269149+07,https://huongnghiepviet.com/nganh-nghe,2026-03-06 19:56:55.839747+07,2026-03-06 19:56:55.839747+07
1f3241c2-7e69-4501-a998-df376794c090,7580202,Kỹ thuật xây dựng công trình giao thông,Kiến trúc và Xây dựng,758,,[],[],[],"[""R"", ""I""]",[],4,bachelor,t,f,2026-03-06 19:56:55.269149+07,https://huongnghiepviet.com/nganh-nghe,2026-03-06 19:56:55.839747+07,2026-03-06 19:56:55.839747+07
2888bc46-6dec-415f-bce5-9df009a2d03d,7580203,Kỹ thuật xây dựng công trình thủy,Kiến trúc và Xây dựng,758,,[],[],[],"[""R"", ""I""]",[],4,bachelor,t,f,2026-03-06 19:56:55.269149+07,https://huongnghiepviet.com/nganh-nghe,2026-03-06 19:56:55.839747+07,2026-03-06 19:56:55.839747+07
14d25e0a-be99-4561-82bf-0dc4d1a5148b,7580301,Quản lý xây dựng,Kiến trúc và Xây dựng,758,,[],[],[],"[""E"", ""C""]",[],4,bachelor,t,f,2026-03-06 19:56:55.269149+07,https://huongnghiepviet.com/nganh-nghe,2026-03-06 19:56:55.839747+07,2026-03-06 19:56:55.839747+07
36d29cde-1147-4487-8b15-aa2981b01e9d,7580302,Kinh tế xây dựng,Kiến trúc và Xây dựng,758,,[],[],[],"[""C"", ""E""]",[],4,bachelor,t,f,2026-03-06 19:56:55.269149+07,https://huongnghiepviet.com/nganh-nghe,2026-03-06 19:56:55.839747+07,2026-03-06 19:56:55.839747+07
d1ca02d8-58a0-469c-885c-6e9ddbf55cf0,7580210,Kỹ thuật cơ sở hạ tầng,Kiến trúc và Xây dựng,758,,[],[],[],"[""R"", ""I""]",[],4,bachelor,t,f,2026-03-06 19:56:55.269149+07,https://huongnghiepviet.com/nganh-nghe,2026-03-06 19:56:55.839747+07,2026-03-06 19:56:55.839747+07
a06c47ef-8562-4bfd-8cc5-d56e1879c348,7620105,Chăn nuôi,"Nông, Lâm, Thủy sản",762,,[],[],[],"[""R"", ""I""]",[],4,bachelor,t,f,2026-03-06 19:56:55.269149+07,https://huongnghiepviet.com/nganh-nghe,2026-03-06 19:56:55.839747+07,2026-03-06 19:56:55.839747+07
29c8d016-cccc-4e1e-b00b-00862f787cea,7620110,Khoa học cây trồng,"Nông, Lâm, Thủy sản",762,,[],[],[],"[""I"", ""R""]",[],4,bachelor,t,f,2026-03-06 19:56:55.269149+07,https://huongnghiepviet.com/nganh-nghe,2026-03-06 19:56:55.839747+07,2026-03-06 19:56:55.839747+07
4e6743e9-f348-4646-9a9d-5a74625853da,7620112,Bảo vệ thực vật,"Nông, Lâm, Thủy sản",762,,[],[],[],"[""I"", ""R""]",[],4,bachelor,t,f,2026-03-06 19:56:55.269149+07,https://huongnghiepviet.com/nganh-nghe,2026-03-06 19:56:55.839747+07,2026-03-06 19:56:55.839747+07
5e552dab-1a9d-42c2-b33c-bbcc29606345,7620115,Nông nghiệp,"Nông, Lâm, Thủy sản",762,,[],[],[],"[""R"", ""I""]",[],4,bachelor,t,f,2026-03-06 19:56:55.269149+07,https://huongnghiepviet.com/nganh-nghe,2026-03-06 19:56:55.839747+07,2026-03-06 19:56:55.839747+07
3d6bddca-0f42-4616-adb3-e56baad67b94,7620201,Lâm học,"Nông, Lâm, Thủy sản",762,,[],[],[],"[""R"", ""I""]",[],4,bachelor,t,f,2026-03-06 19:56:55.269149+07,https://huongnghiepviet.com/nganh-nghe,2026-03-06 19:56:55.839747+07,2026-03-06 19:56:55.839747+07
16aa5320-6141-4682-bd7f-2003dda93c8c,7620205,Quản lý tài nguyên rừng,"Nông, Lâm, Thủy sản",762,,[],[],[],"[""I"", ""E""]",[],4,bachelor,t,f,2026-03-06 19:56:55.269149+07,https://huongnghiepviet.com/nganh-nghe,2026-03-06 19:56:55.839747+07,2026-03-06 19:56:55.839747+07
d63121c4-a2a8-4841-92d4-2d48325e8eef,7620301,Nuôi trồng thủy sản,"Nông, Lâm, Thủy sản",762,,[],[],[],"[""R"", ""I""]",[],4,bachelor,t,f,2026-03-06 19:56:55.269149+07,https://huongnghiepviet.com/nganh-nghe,2026-03-06 19:56:55.839747+07,2026-03-06 19:56:55.839747+07
3189c6b3-e8c8-43af-a993-75cf9fc9431f,7640101,Thú y,Thú y,764,,[],[],[],"[""I"", ""R"", ""S""]",[],4,bachelor,t,f,2026-03-06 19:56:55.269149+07,https://huongnghiepviet.com/nganh-nghe,2026-03-06 19:56:55.839747+07,2026-03-06 19:56:55.839747+07
b93bca3f-1c03-453a-a18e-2f9c93d32502,7620101,Nông học,"Nông, Lâm, Thủy sản",762,,[],[],[],"[""I"", ""R""]",[],4,bachelor,t,f,2026-03-06 19:56:55.269149+07,https://huongnghiepviet.com/nganh-nghe,2026-03-06 19:56:55.839747+07,2026-03-06 19:56:55.839747+07
d1edb5e9-2c9d-4eb5-a1fe-5c59712b6dce,7620116,Khuyến nông,"Nông, Lâm, Thủy sản",762,,[],[],[],"[""S"", ""E""]",[],4,bachelor,t,f,2026-03-06 19:56:55.269149+07,https://huongnghiepviet.com/nganh-nghe,2026-03-06 19:56:55.839747+07,2026-03-06 19:56:55.839747+07
cfa4f2ac-ac70-4055-88dc-0670d02fa379,7720101,Y khoa,Sức khỏe,772,,[],[],[],"[""I"", ""S""]",[],4,bachelor,t,f,2026-03-06 19:56:55.269149+07,https://huongnghiepviet.com/nganh-nghe,2026-03-06 19:56:55.839747+07,2026-03-06 19:56:55.839747+07
95595b8d-07e0-4168-86c7-1f9402932f18,7720110,Y học dự phòng,Sức khỏe,772,,[],[],[],"[""I"", ""S""]",[],4,bachelor,t,f,2026-03-06 19:56:55.269149+07,https://huongnghiepviet.com/nganh-nghe,2026-03-06 19:56:55.839747+07,2026-03-06 19:56:55.839747+07
e5c4e906-2aa0-4627-aaa3-5ec5763c019d,7720115,Y học cổ truyền,Sức khỏe,772,,[],[],[],"[""I"", ""S""]",[],4,bachelor,t,f,2026-03-06 19:56:55.269149+07,https://huongnghiepviet.com/nganh-nghe,2026-03-06 19:56:55.839747+07,2026-03-06 19:56:55.839747+07
e9dde655-ee46-47cc-bfa0-299f369c0dfb,7720201,Dược học,Sức khỏe,772,,[],[],[],"[""I"", ""C""]",[],4,bachelor,t,f,2026-03-06 19:56:55.269149+07,https://huongnghiepviet.com/nganh-nghe,2026-03-06 19:56:55.839747+07,2026-03-06 19:56:55.839747+07
a3007854-7b73-4c8a-a7c9-59607b5d82d2,7720301,Điều dưỡng,Sức khỏe,772,,[],[],[],"[""S"", ""I""]",[],4,bachelor,t,f,2026-03-06 19:56:55.269149+07,https://huongnghiepviet.com/nganh-nghe,2026-03-06 19:56:55.839747+07,2026-03-06 19:56:55.839747+07
683c848f-2afe-49a9-95da-970c92cadbe5,7720501,Răng - Hàm - Mặt,Sức khỏe,772,,[],[],[],"[""I"", ""S"", ""A""]",[],4,bachelor,t,f,2026-03-06 19:56:55.269149+07,https://huongnghiepviet.com/nganh-nghe,2026-03-06 19:56:55.839747+07,2026-03-06 19:56:55.839747+07
cc7ec5b3-e923-447b-bcc1-507f8264345c,7720601,Kỹ thuật xét nghiệm y học,Sức khỏe,772,,[],[],[],"[""I"", ""R""]",[],4,bachelor,t,f,2026-03-06 19:56:55.269149+07,https://huongnghiepviet.com/nganh-nghe,2026-03-06 19:56:55.839747+07,2026-03-06 19:56:55.839747+07
fa0dc0d5-d1cb-40be-8d5a-2ce4f1100cd8,7720602,Kỹ thuật hình ảnh y học,Sức khỏe,772,,[],[],[],"[""I"", ""R""]",[],4,bachelor,t,f,2026-03-06 19:56:55.269149+07,https://huongnghiepviet.com/nganh-nghe,2026-03-06 19:56:55.839747+07,2026-03-06 19:56:55.839747+07
ccb1a4bc-baa1-42ce-9c06-678704920425,7720603,Phục hồi chức năng,Sức khỏe,772,,[],[],[],"[""S"", ""R""]",[],4,bachelor,t,f,2026-03-06 19:56:55.269149+07,https://huongnghiepviet.com/nganh-nghe,2026-03-06 19:56:55.839747+07,2026-03-06 19:56:55.839747+07
79205ea2-0f16-463d-a403-ea69cc109c97,7720401,Y tế công cộng,Sức khỏe,772,,[],[],[],"[""S"", ""I""]",[],4,bachelor,t,f,2026-03-06 19:56:55.269149+07,https://huongnghiepviet.com/nganh-nghe,2026-03-06 19:56:55.839747+07,2026-03-06 19:56:55.839747+07
095959d4-2af0-4e4e-99f4-42ab5e151118,7720302,Hộ sinh,Sức khỏe,772,,[],[],[],"[""S""]",[],4,bachelor,t,f,2026-03-06 19:56:55.269149+07,https://huongnghiepviet.com/nganh-nghe,2026-03-06 19:56:55.839747+07,2026-03-06 19:56:55.839747+07
876aab18-4d5d-47a5-98cb-01fb61d451ed,7720402,Dinh dưỡng,Sức khỏe,772,,[],[],[],"[""I"", ""S""]",[],4,bachelor,t,f,2026-03-06 19:56:55.269149+07,https://huongnghiepviet.com/nganh-nghe,2026-03-06 19:56:55.839747+07,2026-03-06 19:56:55.839747+07
62048ab0-f8e3-4172-b804-ec6080c6742b,7760101,Công tác xã hội,Dịch vụ xã hội,776,,[],[],[],"[""S""]",[],4,bachelor,t,f,2026-03-06 19:56:55.269149+07,https://huongnghiepviet.com/nganh-nghe,2026-03-06 19:56:55.839747+07,2026-03-06 19:56:55.839747+07
f4a00d9e-2d7b-48a1-a2c4-2cf8a2fc3e88,7810101,Du lịch,"Du lịch, Khách sạn, Thể thao",781,,[],[],[],"[""E"", ""S""]",[],4,bachelor,t,f,2026-03-06 19:56:55.269149+07,https://huongnghiepviet.com/nganh-nghe,2026-03-06 19:56:55.839747+07,2026-03-06 19:56:55.839747+07
bc00dfd3-5cb5-4cf5-aa7b-2be199ec586f,7810103,Quản trị dịch vụ du lịch và lữ hành,"Du lịch, Khách sạn, Thể thao",781,,[],[],[],"[""E"", ""S""]",[],4,bachelor,t,f,2026-03-06 19:56:55.269149+07,https://huongnghiepviet.com/nganh-nghe,2026-03-06 19:56:55.839747+07,2026-03-06 19:56:55.839747+07
ed38a9ce-b629-4d80-bbfb-c08755acae61,7810201,Quản trị khách sạn,"Du lịch, Khách sạn, Thể thao",781,,[],[],[],"[""E"", ""S"", ""C""]",[],4,bachelor,t,f,2026-03-06 19:56:55.269149+07,https://huongnghiepviet.com/nganh-nghe,2026-03-06 19:56:55.839747+07,2026-03-06 19:56:55.839747+07
b27fca32-7881-49db-a9b6-f2c59b91f68c,7810202,Quản trị nhà hàng và dịch vụ ăn uống,"Du lịch, Khách sạn, Thể thao",781,,[],[],[],"[""E"", ""S"", ""C""]",[],4,bachelor,t,f,2026-03-06 19:56:55.269149+07,https://huongnghiepviet.com/nganh-nghe,2026-03-06 19:56:55.839747+07,2026-03-06 19:56:55.839747+07
a487f4f5-4f9a-4711-8c37-bc0533e6bb57,7810301,Kinh tế thể thao,"Du lịch, Khách sạn, Thể thao",781,,[],[],[],"[""E"", ""R""]",[],4,bachelor,t,f,2026-03-06 19:56:55.269149+07,https://huongnghiepviet.com/nganh-nghe,2026-03-06 19:56:55.839747+07,2026-03-06 19:56:55.839747+07
8f34c705-0d70-45ea-b5be-15ef9dd35307,7810501,Quản lý thể dục thể thao,"Du lịch, Khách sạn, Thể thao",781,,[],[],[],"[""E"", ""S"", ""R""]",[],4,bachelor,t,f,2026-03-06 19:56:55.269149+07,https://huongnghiepviet.com/nganh-nghe,2026-03-06 19:56:55.839747+07,2026-03-06 19:56:55.839747+07
f5f7086d-e032-437f-84ab-09879973c306,7840101,Khai thác vận tải,Dịch vụ vận tải,784,,[],[],[],"[""R"", ""E""]",[],4,bachelor,t,f,2026-03-06 19:56:55.269149+07,https://huongnghiepviet.com/nganh-nghe,2026-03-06 19:56:55.839747+07,2026-03-06 19:56:55.839747+07
629c5c96-46d1-4789-b029-7e60e88328d5,7840104,Quản lý hoạt động bay,Dịch vụ vận tải,784,,[],[],[],"[""R"", ""E"", ""C""]",[],4,bachelor,t,f,2026-03-06 19:56:55.269149+07,https://huongnghiepviet.com/nganh-nghe,2026-03-06 19:56:55.839747+07,2026-03-06 19:56:55.839747+07
0ba60ef0-16a6-4656-a54b-09ecfebf24bd,7850101,Quản lý tài nguyên và môi trường,Môi trường,785,,[],[],[],"[""I"", ""E""]",[],4,bachelor,t,f,2026-03-06 19:56:55.269149+07,https://huongnghiepviet.com/nganh-nghe,2026-03-06 19:56:55.839747+07,2026-03-06 19:56:55.839747+07
a86bd7af-21cf-491e-830e-9c35f7f18a22,7850102,Quản lý đất đai,Môi trường,785,,[],[],[],"[""E"", ""C""]",[],4,bachelor,t,f,2026-03-06 19:56:55.269149+07,https://huongnghiepviet.com/nganh-nghe,2026-03-06 19:56:55.839747+07,2026-03-06 19:56:55.839747+07
a1c26334-3664-4913-b2e5-fcb1d7e205dd,7860101,Chỉ huy tham mưu Lục quân,"An ninh, Quốc phòng",786,,[],[],[],"[""R"", ""S"", ""E""]",[],4,bachelor,t,f,2026-03-06 19:56:55.269149+07,https://huongnghiepviet.com/nganh-nghe,2026-03-06 19:56:55.839747+07,2026-03-06 19:56:55.839747+07
32d897b8-4476-421f-8288-a11f6cb07efe,7860102,Chỉ huy tham mưu Đặc công,"An ninh, Quốc phòng",786,,[],[],[],"[""R"", ""S"", ""E""]",[],4,bachelor,t,f,2026-03-06 19:56:55.269149+07,https://huongnghiepviet.com/nganh-nghe,2026-03-06 19:56:55.839747+07,2026-03-06 19:56:55.839747+07
08d6262a-7292-4bc6-b8b0-eb29da3d4cca,7860100,Nghiệp vụ An ninh,"An ninh, Quốc phòng",786,,[],[],[],"[""R"", ""I"", ""S""]",[],4,bachelor,t,f,2026-03-06 19:56:55.269149+07,https://huongnghiepviet.com/nganh-nghe,2026-03-06 19:56:55.839747+07,2026-03-06 19:56:55.839747+07
e2cca7ff-9925-47af-9823-3569f180bb59,7860111,Nghiệp vụ Cảnh sát,"An ninh, Quốc phòng",786,,[],[],[],"[""R"", ""S"", ""E""]",[],4,bachelor,t,f,2026-03-06 19:56:55.269149+07,https://huongnghiepviet.com/nganh-nghe,2026-03-06 19:56:55.839747+07,2026-03-06 19:56:55.839747+07
4615f5a0-9b1d-4529-90c7-f5b1acd88086,7860201,Phòng cháy chữa cháy và cứu nạn cứu hộ,"An ninh, Quốc phòng",786,,[],[],[],"[""R"", ""S"", ""E""]",[],4,bachelor,t,f,2026-03-06 19:56:55.269149+07,https://huongnghiepviet.com/nganh-nghe,2026-03-06 19:56:55.839747+07,2026-03-06 19:56:55.839747+07
4bf9973b-5833-49b5-8f93-58f0cc121656,7860103,Chỉ huy tham mưu Hải quân,"An ninh, Quốc phòng",786,,[],[],[],"[""R"", ""S"", ""E""]",[],4,bachelor,t,f,2026-03-06 19:56:55.269149+07,https://huongnghiepviet.com/nganh-nghe,2026-03-06 19:56:55.839747+07,2026-03-06 19:56:55.839747+07
c764b55b-7983-401b-9c06-00583ea55bfd,7860104,Chỉ huy tham mưu Không quân,"An ninh, Quốc phòng",786,,[],[],[],"[""R"", ""S"", ""E""]",[],4,bachelor,t,f,2026-03-06 19:56:55.269149+07,https://huongnghiepviet.com/nganh-nghe,2026-03-06 19:56:55.839747+07,2026-03-06 19:56:55.839747+07
c6579d0e-0acb-436b-b6d2-4f7f238c2197,7860105,Chỉ huy tham mưu Pháo binh,"An ninh, Quốc phòng",786,,[],[],[],"[""R"", ""S"", ""E""]",[],4,bachelor,t,f,2026-03-06 19:56:55.269149+07,https://huongnghiepviet.com/nganh-nghe,2026-03-06 19:56:55.839747+07,2026-03-06 19:56:55.839747+07
fc931d17-76d9-49d6-b69d-00caebf83ad2,7860106,Chỉ huy tham mưu Tăng - thiết giáp,"An ninh, Quốc phòng",786,,[],[],[],"[""R"", ""S"", ""E""]",[],4,bachelor,t,f,2026-03-06 19:56:55.269149+07,https://huongnghiepviet.com/nganh-nghe,2026-03-06 19:56:55.839747+07,2026-03-06 19:56:55.839747+07
70677f01-5e0f-4964-9e9a-83b17e574c6b,7860109,Biên phòng,"An ninh, Quốc phòng",786,,[],[],[],"[""R"", ""S"", ""E""]",[],4,bachelor,t,f,2026-03-06 19:56:55.269149+07,https://huongnghiepviet.com/nganh-nghe,2026-03-06 19:56:55.839747+07,2026-03-06 19:56:55.839747+07
ff3ec147-cac2-4ff6-a73e-1950f74bdee2,AUTO-D4830F,Công Nghệ Kỹ Thuật Xây Dựng,Chưa phân loại,000,,[],[],[],[],[],4,bachelor,t,f,2026-03-06 20:13:50.858878+07,,2026-03-06 20:13:50.807864+07,2026-03-06 20:13:50.807864+07
ec4c87c0-12ed-4b43-88c7-a90ec8a3ffa1,AUTO-0ECC03,Công Nghệ Kỹ Thuật Cơ Điện Tử,Chưa phân loại,000,,[],[],[],[],[],4,bachelor,t,f,2026-03-06 20:13:50.901391+07,,2026-03-06 20:13:50.807864+07,2026-03-06 20:13:50.807864+07
e8847576-218b-4e9f-9241-5b43f12d79b0,AUTO-686556,Chỉ Huy Kỹ Thuật Công Binh,Chưa phân loại,000,,[],[],[],[],[],4,bachelor,t,f,2026-03-06 20:14:51.446535+07,,2026-03-06 20:14:02.954024+07,2026-03-06 20:14:02.954024+07
