id,university_code,name,short_name,university_type,region,province,address,website,admission_url,logo_url,tuition_min,tuition_max,established_year,is_active,scraped_at,source_url,created_at,updated_at
b0e3f2ab-03fb-408d-8740-ec8c6852b8ae,PCS,Trường Đại Học Phòng Cháy Chữa Cháy (phía Nam),PCS,public,,,,,,,,,,t,2026-03-06 20:14:12.756274+07,https://diemthi.tuyensinh247.com/diem-chuan/dai-hoc-phong-chay-chua-chay-phia-nam-PCS.html,2026-03-06 20:14:02.954024+07,2026-03-06 20:14:02.954024+07
1320efd0-7acd-48a1-9390-acca3a4b7c04,SDU,Trường Đại học Sao Đỏ,SDU,public,,,,,,,,,,t,2026-03-06 20:14:16.829661+07,https://diemthi.tuyensinh247.com/diem-chuan/dai-hoc-sao-do-SDU.html,2026-03-06 20:14:02.954024+07,2026-03-06 20:14:02.954024+07
6788e4a6-2e57-45ac-b703-bfe7f2046950,TLS,Trường Đại Học Thủy Lợi (Cơ sở 2),TLS,public,,,,,,,,,,t,2026-03-06 20:14:21.108368+07,https://diemthi.tuyensinh247.com/diem-chuan/dai-hoc-thuy-loi-co-so-2-TLS.html,2026-03-06 20:14:02.954024+07,2026-03-06 20:14:02.954024+07
9d4fe0bf-04e7-4d44-8843-bd8726940d1a,VGU,Trường Đại Học Việt Đức,VGU,public,,,,,,,,,,t,2026-03-06 20:14:25.035566+07,https://diemthi.tuyensinh247.com/diem-chuan/dai-hoc-viet-duc-VGU.html,2026-03-06 20:14:02.954024+07,2026-03-06 20:14:02.954024+07
ddb74b2e-d939-4e48-84b5-5752a578afd7,QHD,Trường Quản Trị và Kinh Doanh - ĐHQG Hà Nội,QHD,public,,,,,,,,,,t,2026-03-06 20:14:29.034357+07,https://diemthi.tuyensinh247.com/diem-chuan/truong-quan-tri-va-kinh-doanh-dh-quoc-gia-ha-noi-QHD.html,2026-03-06 20:14:02.954024+07,2026-03-06 20:14:02.954024+07
39d84958-4b75-410a-af97-ba3963a8213b,KSV,Đại học Kinh Tế TPHCM - Phân hiệu Vĩnh Long,KSV,public,,,,,,,,,,t,2026-03-06 20:14:32.818572+07,https://diemthi.tuyensinh247.com/diem-chuan/dai-hoc-kinh-te-tphcm-phan-hieu-vinh-long-KSV.html,2026-03-06 20:14:02.954024+07,2026-03-06 20:14:02.954024+07
accf20a3-7dde-4d65-878d-ed3bc9bbfc2c,PBH,Trường Sĩ Quan Pháo Binh,PBH,public,,,,,,,,,,t,2026-03-06 20:14:37.322241+07,https://diemthi.tuyensinh247.com/diem-chuan/truong-si-quan-phao-binh-PBH.html,2026-03-06 20:14:02.954024+07,2026-03-06 20:14:02.954024+07
5988451e-af69-4da7-915b-2ae9887dd478,HCN,Học viện Kỹ thuật và Công nghệ an ninh (Phía Nam),HCN,public,,,,,,,,,,t,2026-03-06 20:14:41.553008+07,https://diemthi.tuyensinh247.com/diem-chuan/hoc-vien-ky-thuat-va-cong-nghe-an-ninh-phia-nam-HCN.html,2026-03-06 20:14:02.954024+07,2026-03-06 20:14:02.954024+07
b461c940-f796-4207-91c6-2813c8727401,HCB,Học viện Kỹ thuật và Công nghệ an ninh (Phía Bắc),HCB,public,,,,,,,,,,t,2026-03-06 20:14:43.629098+07,https://diemthi.tuyensinh247.com/diem-chuan/hoc-vien-ky-thuat-cong-nghe-an-ninh-phia-bac-HCB.html,2026-03-06 20:14:02.954024+07,2026-03-06 20:14:02.954024+07
d8b017e4-7ea5-4775-8592-7dc69fc4c026,DCH,Trường Sĩ Quan Đặc Công,DCH,public,,,,,,,,,,t,2026-03-06 20:14:48.202464+07,https://diemthi.tuyensinh247.com/diem-chuan/truong-si-quan-dac-cong-DCH.html,2026-03-06 20:14:02.954024+07,2026-03-06 20:14:02.954024+07
efa37600-aaed-43fb-9738-32778b522836,SNH,Trường Sĩ Quan Công Binh - Hệ Quân sự - Đại học Ngô Quyền,SNH,public,,,,,,,,,,t,2026-03-06 20:14:51.40254+07,https://diemthi.tuyensinh247.com/diem-chuan/truong-si-quan-cong-binh-he-quan-su-dai-hoc-ngo-quyen-SNH.html,2026-03-06 20:14:02.954024+07,2026-03-06 20:14:02.954024+07
bd6a6499-8d3b-4f1f-a6c5-4d9a633f3cf0,DAD,Trường Đại Học Đông Á,DAD,public,,,,,,,,,,t,2026-03-06 20:14:54.661267+07,https://diemthi.tuyensinh247.com/diem-chuan/dai-hoc-dong-a-DAD.html,2026-03-06 20:14:02.954024+07,2026-03-06 20:14:02.954024+07
32c91497-ac3b-47f2-9bb3-87e3819b33e3,VTT,Trường Đại Học Võ Trường Toản,VTT,public,,,,,,,,,,t,2026-03-06 20:14:57.851138+07,https://diemthi.tuyensinh247.com/diem-chuan/dai-hoc-vo-truong-toan-VTT.html,2026-03-06 20:14:02.954024+07,2026-03-06 20:14:02.954024+07
f05328a3-bfb7-4805-85f5-4aa50145b1ea,DSD,Trường Đại Học Sân Khấu Điện Ảnh TPHCM,DSD,public,,,,,,,,,,t,2026-03-06 20:07:42.628544+07,https://diemthi.tuyensinh247.com/diem-chuan/dai-hoc-san-khau-dien-anh-tphcm-DSD.html,2026-03-06 20:07:42.638052+07,2026-03-06 20:07:42.638052+07
08d560e7-3064-40dc-8a62-3c1ee233d7a4,DDN,Trường Đại Học Đại Nam,DDN,public,,,,,,,,,,t,2026-03-06 20:15:02.100593+07,https://diemthi.tuyensinh247.com/diem-chuan/dai-hoc-dai-nam-DDN.html,2026-03-06 20:14:02.954024+07,2026-03-06 20:14:02.954024+07
4af1b2af-a8a3-4162-9a7e-6452d2da3cca,ETU,Trường Đại Học Hòa Bình,ETU,public,,,,,,,,,,t,2026-03-06 20:15:05.164616+07,https://diemthi.tuyensinh247.com/diem-chuan/dai-hoc-hoa-binh-ETU.html,2026-03-06 20:14:02.954024+07,2026-03-06 20:14:02.954024+07
17ec5a03-a7e6-4e52-a217-1ea276cca262,UKB,Trường Đại Học Kinh Bắc,UKB,public,,,,,,,,,,t,2026-03-06 20:15:08.956109+07,https://diemthi.tuyensinh247.com/diem-chuan/dai-hoc-kinh-bac-UKB.html,2026-03-06 20:14:02.954024+07,2026-03-06 20:14:02.954024+07
bd4cdbce-5d24-4aae-8428-6e0f09028336,SKH,Trường Đại Học Sư Phạm Kỹ Thuật Hưng Yên,SKH,public,,,,,,,,,,t,2026-03-06 20:17:13.921236+07,https://diemthi.tuyensinh247.com/diem-chuan/dai-hoc-su-pham-ky-thuat-hung-yen-SKH.html,2026-03-06 20:17:13.935512+07,2026-03-06 20:17:13.935512+07
14b1eef2-ab25-4473-9de5-744722adea81,XDA,Trường Đại Học Xây Dựng Hà Nội,XDA,public,,,,,,,,,,t,2026-03-06 20:17:17.429408+07,https://diemthi.tuyensinh247.com/diem-chuan/dai-hoc-xay-dung-ha-noi-XDA.html,2026-03-06 20:17:13.935512+07,2026-03-06 20:17:13.935512+07
935a9881-9609-484b-98af-b46e3d72b5ee,HVC,Học viện cán bộ TPHCM,HVC,public,,,,,,,,,,t,2026-03-06 20:17:21.266712+07,https://diemthi.tuyensinh247.com/diem-chuan/hoc-vien-can-bo-tphcm-HVC.html,2026-03-06 20:17:13.935512+07,2026-03-06 20:17:13.935512+07
0bfc9226-191e-475d-9b5c-d61275feeb81,NLS,Trường Đại Học Nông Lâm TPHCM,NLS,public,,,,,,,,,,t,2026-03-06 20:17:25.323673+07,https://diemthi.tuyensinh247.com/diem-chuan/dai-hoc-nong-lam-tphcm-NLS.html,2026-03-06 20:17:13.935512+07,2026-03-06 20:17:13.935512+07
96acdea2-9f13-4b7d-8b2f-d59216defcba,DVT,Đại Học Trà Vinh,DVT,public,,,,,,,,,,t,2026-03-06 20:17:28.624849+07,https://diemthi.tuyensinh247.com/diem-chuan/dai-hoc-tra-vinh-DVT.html,2026-03-06 20:17:13.935512+07,2026-03-06 20:17:13.935512+07
717be00c-5b76-441d-9a8d-ffb97aef849b,DCV,Trường Đại học Công nghiệp Vinh,DCV,public,,,,,,,,,,t,2026-03-06 20:17:31.978115+07,https://diemthi.tuyensinh247.com/diem-chuan/dai-hoc-cong-nghiep-vinh-DCV.html,2026-03-06 20:17:13.935512+07,2026-03-06 20:17:13.935512+07
6bab3c17-9469-4bef-b78f-43d10070602a,KCN,Trường Đại Học Khoa Học Và Công Nghệ Hà Nội,KCN,public,,,,,,,,,,t,2026-03-06 20:17:36.014798+07,https://diemthi.tuyensinh247.com/diem-chuan/dai-hoc-khoa-hoc-va-cong-nghe-ha-noi-KCN.html,2026-03-06 20:17:13.935512+07,2026-03-06 20:17:13.935512+07
ecde042a-6978-440a-919f-79fd85f193f5,QHQ,Trường Quốc Tế - ĐHQG Hà Nội,QHQ,public,,,,,,,,,,t,2026-03-06 20:17:39.989558+07,https://diemthi.tuyensinh247.com/diem-chuan/truong-quoc-te-dai-hoc-quoc-gia-ha-noi-QHQ.html,2026-03-06 20:17:13.935512+07,2026-03-06 20:17:13.935512+07
df9e0485-8eed-480d-ab44-e7ed1b3fde70,KCC,Trường Đại học Kỹ Thuật Công Nghệ Cần Thơ,KCC,public,,,,,,,,,,t,2026-03-06 20:17:43.754105+07,https://diemthi.tuyensinh247.com/diem-chuan/dai-hoc-ky-thuat-cong-nghe-can-tho-KCC.html,2026-03-06 20:17:13.935512+07,2026-03-06 20:17:13.935512+07
b7093db9-b580-4dac-800a-05d3e8c38cba,TDH,Trường Đại Học Sư Phạm Thể Dục Thể Thao Hà Nội,TDH,public,,,,,,,,,,t,2026-03-06 20:17:47.918132+07,https://diemthi.tuyensinh247.com/diem-chuan/dai-hoc-su-pham-the-duc-the-thao-ha-noi-TDH.html,2026-03-06 20:17:13.935512+07,2026-03-06 20:17:13.935512+07
4717cfa9-1da3-431a-84aa-1f9434c2b1c7,DDP,Phân Hiệu Đại Học Đà Nẵng tại Kon Tum,DDP,public,,,,,,,,,,t,2026-03-06 20:17:51.022516+07,https://diemthi.tuyensinh247.com/diem-chuan/phan-hieu-dai-hoc-da-nang-tai-kon-tum-DDP.html,2026-03-06 20:17:13.935512+07,2026-03-06 20:17:13.935512+07
714439cc-3b83-4d1a-9b5a-a2fff55d9f51,DPY,Trường Đại Học Phú Yên,DPY,public,,,,,,,,,,t,2026-03-06 20:17:55.350183+07,https://diemthi.tuyensinh247.com/diem-chuan/dai-hoc-phu-yen-DPY.html,2026-03-06 20:17:13.935512+07,2026-03-06 20:17:13.935512+07
4df1b950-2342-48a1-b75d-7ed7594cad5a,DLS,Trường Đại Học Lao Động – Xã Hội (Cơ sở II),DLS,public,,,,,,,,,,t,2026-03-06 20:17:58.631209+07,https://diemthi.tuyensinh247.com/diem-chuan/dai-hoc-lao-dong-xa-hoi-co-so-phia-nam-DLS.html,2026-03-06 20:17:13.935512+07,2026-03-06 20:17:13.935512+07
10721b6f-1cfb-4b9e-acb3-c125c2b8ce67,DQU,Trường Đại Học Quảng Nam,DQU,public,,,,,,,,,,t,2026-03-06 20:18:03.318471+07,https://diemthi.tuyensinh247.com/diem-chuan/dai-hoc-quang-nam-DQU.html,2026-03-06 20:17:13.935512+07,2026-03-06 20:17:13.935512+07
1baf0125-b3b8-4b8c-9320-3a3e46799086,DBL,Trường Đại Học Bạc Liêu,DBL,public,,,,,,,,,,t,2026-03-06 20:18:07.199258+07,https://diemthi.tuyensinh247.com/diem-chuan/dai-hoc-bac-lieu-DBL.html,2026-03-06 20:17:13.935512+07,2026-03-06 20:17:13.935512+07
989c687f-c636-44c7-b03c-d2e008df5b99,DLX,Trường Đại Học Lao Động – Xã Hội,DLX,public,,,,,,,,,,t,2026-03-06 20:18:09.09544+07,https://diemthi.tuyensinh247.com/diem-chuan/dai-hoc-lao-dong-xa-hoi-co-so-ha-noi-DLX.html,2026-03-06 20:17:13.935512+07,2026-03-06 20:17:13.935512+07
bb201718-2351-4da6-8410-0c5c9a00a2eb,YKV,Trường Đại Học Y Khoa Vinh,YKV,public,,,,,,,,,,t,2026-03-06 20:20:17.492081+07,https://diemthi.tuyensinh247.com/diem-chuan/dai-hoc-y-khoa-vinh-YKV.html,2026-03-06 20:20:17.501751+07,2026-03-06 20:20:17.501751+07
ba9013cf-1759-4632-bd33-a8c356c11387,BVS,Học Viện Công Nghệ Bưu Chính Viễn Thông (Cơ sở TP.HCM),BVS,public,,,,,,,,,,t,2026-03-06 20:20:21.171613+07,https://diemthi.tuyensinh247.com/diem-chuan/hoc-vien-cong-nghe-buu-chinh-vien-thong-phia-nam-BVS.html,2026-03-06 20:20:17.501751+07,2026-03-06 20:20:17.501751+07
a8dbda4a-5a17-4e17-b42d-bfa2c3b188f4,DPC,Trường Đại Học Phan Châu Trinh,DPC,public,,,,,,,,,,t,2026-03-06 20:15:13.162093+07,https://diemthi.tuyensinh247.com/diem-chuan/dai-hoc-phan-chau-trinh-DPC.html,2026-03-06 20:15:09.007094+07,2026-03-06 20:15:09.007094+07
26351a30-331d-46b9-960e-13acaa9092d2,DVL,Trường Đại Học Văn Lang,DVL,public,,,,,,,,,,t,2026-03-06 20:15:14.851866+07,https://diemthi.tuyensinh247.com/diem-chuan/dai-hoc-van-lang-DVL.html,2026-03-06 20:15:09.007094+07,2026-03-06 20:15:09.007094+07
c4ba59b3-8b4f-4f22-9ff3-7a022b3c1e0b,DCL,Trường Đại Học Cửu Long,DCL,public,,,,,,,,,,t,2026-03-06 20:15:18.688735+07,https://diemthi.tuyensinh247.com/diem-chuan/dai-hoc-cuu-long-DCL.html,2026-03-06 20:15:09.007094+07,2026-03-06 20:15:09.007094+07
76dad8d2-4a66-4f92-a1f2-4ae1b64d145e,TTD,Trường Đại Học Thể Dục Thể Thao Đà Nẵng,TTD,public,,,,,,,,,,t,2026-03-06 20:15:23.014074+07,https://diemthi.tuyensinh247.com/diem-chuan/dai-hoc-the-duc-the-thao-da-nang-TTD.html,2026-03-06 20:15:09.007094+07,2026-03-06 20:15:09.007094+07
e89db941-1f07-4861-9345-12ced244e91a,TTU,Trường Đại học Tân Tạo,TTU,public,,,,,,,,,,t,2026-03-06 20:15:26.962924+07,https://diemthi.tuyensinh247.com/diem-chuan/dai-hoc-tan-tao-TTU.html,2026-03-06 20:15:09.007094+07,2026-03-06 20:15:09.007094+07
bb2991a1-ca56-4374-82c9-74f34d428c39,HIU,Trường Đại Học Quốc Tế Hồng Bàng,HIU,public,,,,,,,,,,t,2026-03-06 20:15:30.855213+07,https://diemthi.tuyensinh247.com/diem-chuan/dai-hoc-quoc-te-hong-bang-HIU.html,2026-03-06 20:15:09.007094+07,2026-03-06 20:15:09.007094+07
aa186a2f-c2ce-4db9-b660-343d37cf5876,DNC,Trường Đại học Nam Cần Thơ,DNC,public,,,,,,,,,,t,2026-03-06 20:15:34.040903+07,https://diemthi.tuyensinh247.com/diem-chuan/dai-hoc-nam-can-tho-DNC.html,2026-03-06 20:15:09.007094+07,2026-03-06 20:15:09.007094+07
988c20d6-45fd-4dfd-95bc-36a11673680d,DDT,Đại Học Duy Tân,DDT,public,,,,,,,,,,t,2026-03-06 20:15:38.487182+07,https://diemthi.tuyensinh247.com/diem-chuan/dai-hoc-duy-tan-DDT.html,2026-03-06 20:15:09.007094+07,2026-03-06 20:15:09.007094+07
02d6f5ca-c5ec-4ae2-bc73-cdbc8c55535b,HVQ,Học Viện Quản Lý Giáo Dục,HVQ,public,,,,,,,,,,t,2026-03-06 20:15:41.921833+07,https://diemthi.tuyensinh247.com/diem-chuan/hoc-vien-quan-ly-giao-duc-HVQ.html,2026-03-06 20:15:09.007094+07,2026-03-06 20:15:09.007094+07
29324795-0e35-4484-8ea1-2f535304abc3,TGH,Trường Sĩ Quan Tăng - Thiết Giáp,TGH,public,,,,,,,,,,t,2026-03-06 20:15:45.789279+07,https://diemthi.tuyensinh247.com/diem-chuan/truong-siquan-tang-thiet-giap-TGH.html,2026-03-06 20:15:09.007094+07,2026-03-06 20:15:09.007094+07
2f7150b1-b046-45fa-9a1f-9fe3865eccd6,HGH,Trường Sĩ Quan Phòng Hóa,HGH,public,,,,,,,,,,t,2026-03-06 20:15:51.234967+07,https://diemthi.tuyensinh247.com/diem-chuan/truong-si-quan-phong-hoa-HGH.html,2026-03-06 20:15:09.007094+07,2026-03-06 20:15:09.007094+07
02dc68d0-37b3-45a8-bc9b-9daab0e7aff3,DTC,Trường Đại học Công Nghệ Thông Tin và Truyền Thông Thái Nguyên,DTC,public,,,,,,,,,,t,2026-03-06 20:15:53.187809+07,https://diemthi.tuyensinh247.com/diem-chuan/dai-hoc-cong-nghe-thong-tin-va-truyen-thong-thai-nguyen-DTC.html,2026-03-06 20:15:09.007094+07,2026-03-06 20:15:09.007094+07
a54e837d-fcf2-496d-b432-a8da2c7b6ee5,KGH,Trường Sĩ Quan Không Quân - Hệ Đại học,KGH,public,,,,,,,,,,t,2026-03-06 20:15:57.529292+07,https://diemthi.tuyensinh247.com/diem-chuan/truong-si-quan-khong-quan-he-dai-hoc-KGH.html,2026-03-06 20:15:09.007094+07,2026-03-06 20:15:09.007094+07
3b6d3306-30af-4719-a3bb-7ac698004eae,DHD,Trường Du Lịch - Đại Học Huế,DHD,public,,,,,,,,,,t,2026-03-06 20:16:01.570145+07,https://diemthi.tuyensinh247.com/diem-chuan/truong-du-lich-dai-hoc-hue-DHD.html,2026-03-06 20:15:09.007094+07,2026-03-06 20:15:09.007094+07
3013cd57-9391-41f5-80c8-a77c2c637e0f,DHK,Trường Đại Học Kinh Tế - Đại Học Huế,DHK,public,,,,,,,,,,t,2026-03-06 20:16:05.24781+07,https://diemthi.tuyensinh247.com/diem-chuan/dai-hoc-kinh-te-dai-hoc-hue-DHK.html,2026-03-06 20:15:09.007094+07,2026-03-06 20:15:09.007094+07
c24d7d4b-d1a2-4f0b-9d04-646d7bb5ebd1,DVB,Trường Đại Học Kinh tế công nghệ Thái Nguyên,DVB,public,,,,,,,,,,t,2026-03-06 20:10:15.195709+07,https://diemthi.tuyensinh247.com/diem-chuan/dai-hoc-kinh-te-cong-nghe-thai-nguyen-DVB.html,2026-03-06 20:10:15.209077+07,2026-03-06 20:10:15.209077+07
af77727a-bd21-46b3-ad84-c4a60168cfec,DHV,Trường Đại học Hùng Vương TPHCM,DHV,public,,,,,,,,,,t,2026-03-06 20:10:19.098528+07,https://diemthi.tuyensinh247.com/diem-chuan/dai-hoc-hung-vuong-tphcm-DHV.html,2026-03-06 20:10:15.209077+07,2026-03-06 20:10:15.209077+07
7c98d234-1838-41a8-b80b-2d534f81f4cd,TBD,Trường Đại Học Thái Bình Dương,TBD,public,,,,,,,,,,t,2026-03-06 20:10:23.202144+07,https://diemthi.tuyensinh247.com/diem-chuan/dai-hoc-thai-binh-duong-TBD.html,2026-03-06 20:10:15.209077+07,2026-03-06 20:10:15.209077+07
8cc12123-506f-4341-b4a4-ca1c1e398a70,DHQ,Phân Hiệu Đại Học Huế tại Quảng Trị,DHQ,public,,,,,,,,,,t,2026-03-06 20:10:27.719972+07,https://diemthi.tuyensinh247.com/diem-chuan/phan-hieu-dai-hoc-hue-tai-quang-tri-DHQ.html,2026-03-06 20:10:15.209077+07,2026-03-06 20:10:15.209077+07
ba0535d7-93d3-4d45-987b-e8983b052800,DCQ,Trường Đại Học Công Nghệ và Quản Lý Hữu Nghị,DCQ,public,,,,,,,,,,t,2026-03-06 20:10:31.580554+07,https://diemthi.tuyensinh247.com/diem-chuan/dai-hoc-cong-nghe-va-quan-ly-huu-nghi-DCQ.html,2026-03-06 20:10:15.209077+07,2026-03-06 20:10:15.209077+07
acd70ae3-674a-48fa-aa9f-44c16af15d96,UMT,Trường Đại học Quản lý và công nghệ TPHCM,UMT,public,,,,,,,,,,t,2026-03-06 20:10:35.921835+07,https://diemthi.tuyensinh247.com/diem-chuan/dai-hoc-quan-ly-va-cong-nghe-tphcm-UMT.html,2026-03-06 20:10:15.209077+07,2026-03-06 20:10:15.209077+07
3091b86a-789a-4851-b5bc-33419e64e341,DTN,Trường Đại Học Nông Lâm Thái Nguyên,DTN,public,,,,,,,,,,t,2026-03-06 20:10:39.402286+07,https://diemthi.tuyensinh247.com/diem-chuan/dai-hoc-nong-lam-thai-nguyen-DTN.html,2026-03-06 20:10:15.209077+07,2026-03-06 20:10:15.209077+07
e059b9cf-fd14-4485-9b9a-3e5b7869b5c7,NLG,Phân hiệu Đại học Nông Lâm TPHCM tại Gia Lai,NLG,public,,,,,,,,,,t,2026-03-06 20:10:43.781143+07,https://diemthi.tuyensinh247.com/diem-chuan/phan-hieu-dai-hoc-nong-lam-tphcm-tai-gia-lai-NLG.html,2026-03-06 20:10:15.209077+07,2026-03-06 20:10:15.209077+07
c5eebbfd-373e-4b21-a97d-fbce88e87d04,SKN,Trường Đại Học Sư Phạm Kỹ Thuật Nam Định,SKN,public,,,,,,,,,,t,2026-03-06 20:10:47.631918+07,https://diemthi.tuyensinh247.com/diem-chuan/dai-hoc-su-pham-ky-thuat-nam-dinh-SKN.html,2026-03-06 20:10:15.209077+07,2026-03-06 20:10:15.209077+07
6354eb69-89a0-4131-bc74-16bacfead88f,DBH,Trường Đại Học Quốc Tế Bắc Hà,DBH,public,,,,,,,,,,t,2026-03-06 20:10:51.890553+07,https://diemthi.tuyensinh247.com/diem-chuan/dai-hoc-quoc-te-bac-ha-DBH.html,2026-03-06 20:10:15.209077+07,2026-03-06 20:10:15.209077+07
dc2cb17b-4dc4-4157-a399-a7e4788d5eb9,DLA,Trường Đại Học Kinh Tế Công Nghiệp Long An,DLA,public,,,,,,,,,,t,2026-03-06 20:10:55.270399+07,https://diemthi.tuyensinh247.com/diem-chuan/dai-hoc-kinh-te-cong-nghiep-long-an-DLA.html,2026-03-06 20:10:15.209077+07,2026-03-06 20:10:15.209077+07
cc777ea7-4414-4b5d-8b6f-e817bd822808,DCA,Trường Đại học Intracom,DCA,public,,,,,,,,,,t,2026-03-06 20:10:58.740571+07,https://diemthi.tuyensinh247.com/diem-chuan/dai-hoc-chu-van-an-DCA.html,2026-03-06 20:10:15.209077+07,2026-03-06 20:10:15.209077+07
2009d572-57b8-41c8-bfc4-42d5ff5c6c68,SIU,Trường Đại học Tư thục Quốc Tế Sài Gòn,SIU,public,,,,,,,,,,t,2026-03-06 20:11:01.888099+07,https://diemthi.tuyensinh247.com/diem-chuan/dai-hoc-quoc-te-sai-gon-SIU.html,2026-03-06 20:10:15.209077+07,2026-03-06 20:10:15.209077+07
f23e52e8-2651-4e7f-9eaf-618449055509,DTQ,Khoa Quốc Tế - Đại Học Thái Nguyên,DTQ,public,,,,,,,,,,t,2026-03-06 20:11:05.99654+07,https://diemthi.tuyensinh247.com/diem-chuan/khoa-quoc-te-dai-hoc-thai-nguyen-DTQ.html,2026-03-06 20:10:15.209077+07,2026-03-06 20:10:15.209077+07
bef44ba4-dc9d-4da7-9a8f-fcd1a4ea7a13,DHL,Trường Đại Học Nông Lâm Huế,DHL,public,,,,,,,,,,t,2026-03-06 20:11:09.083834+07,https://diemthi.tuyensinh247.com/diem-chuan/dai-hoc-nong-lam-hue-DHL.html,2026-03-06 20:10:15.209077+07,2026-03-06 20:10:15.209077+07
02b23c6b-bb33-49c4-abb9-b3372547a022,QSP,Phân hiệu Đại học Quốc gia TPHCM tại Bến Tre,QSP,public,,,,,,,,,,t,2026-03-06 20:11:13.511722+07,https://diemthi.tuyensinh247.com/diem-chuan/phan-hieu-dai-hoc-quoc-gia-tphcm-tai-ben-tre-QSP.html,2026-03-06 20:10:15.209077+07,2026-03-06 20:10:15.209077+07
a895ea62-81fc-4208-99f4-6408f09aa537,VUI,Trường Đại Học Công Nghiệp Việt Trì,VUI,public,,,,,,,,,,t,2026-03-06 20:11:17.351353+07,https://diemthi.tuyensinh247.com/diem-chuan/dai-hoc-cong-nghiep-viet-tri-VUI.html,2026-03-06 20:10:15.209077+07,2026-03-06 20:10:15.209077+07
771facdb-4b9e-4b85-bdb4-2f4e96811bfa,NTT,Trường Đại Học Nguyễn Tất Thành,NTT,public,,,,,,,,,,t,2026-03-06 20:16:09.15025+07,https://diemthi.tuyensinh247.com/diem-chuan/dai-hoc-nguyen-tat-thanh-NTT.html,2026-03-06 20:15:09.007094+07,2026-03-06 20:15:09.007094+07
41e3fd0c-8086-4f5c-8705-166be91267e7,DHA,Trường Đại học Luật Huế,DHA,public,,,,,,,,,,t,2026-03-06 20:13:51.385418+07,https://diemthi.tuyensinh247.com/diem-chuan/dai-hoc-luat-dai-hoc-hue-DHA.html,2026-03-06 20:13:50.807864+07,2026-03-06 20:13:50.807864+07
5c598be3-5843-4b8c-ba42-783ca5ad81f3,DLH,Trường Đại Học Lạc Hồng,DLH,public,,,,,,,,,,t,2026-03-06 20:13:53.360716+07,https://diemthi.tuyensinh247.com/diem-chuan/dai-hoc-lac-hong-DLH.html,2026-03-06 20:13:50.807864+07,2026-03-06 20:13:50.807864+07
48a5fa69-2e04-404d-af8a-ab864337964d,CMC,Trường Đại Học CMC,CMC,public,,,,,,,,,,t,2026-03-06 20:16:12.68003+07,https://diemthi.tuyensinh247.com/diem-chuan/dai-hoc-cmc-CMC.html,2026-03-06 20:15:09.007094+07,2026-03-06 20:15:09.007094+07
f35f2d96-26e3-48db-aec4-9b5937a7bec8,MTU,Trường Đại Học Xây Dựng Miền Tây,MTU,public,,,,,,,,,,t,2026-03-06 20:10:03.250136+07,https://diemthi.tuyensinh247.com/diem-chuan/dai-hoc-xay-dung-mien-tay-MTU.html,2026-03-06 20:10:03.260844+07,2026-03-06 20:10:03.260844+07
1bce50e8-88d4-450c-b5b7-61942f0b2c71,HPU,Trường Đại học Quản lý và Công nghệ Hải Phòng,HPU,public,,,,,,,,,,t,2026-03-06 20:10:07.561682+07,https://diemthi.tuyensinh247.com/diem-chuan/dai-hoc-quan-ly-va-cong-nghe-hai-phong-HPU.html,2026-03-06 20:10:03.260844+07,2026-03-06 20:10:03.260844+07
92859838-00fd-4bce-87ae-04a3223585a4,DPX,Trường Đại Học Phú Xuân,DPX,public,,,,,,,,,,t,2026-03-06 20:10:11.785956+07,https://diemthi.tuyensinh247.com/diem-chuan/dai-hoc-phu-xuan-DPX.html,2026-03-06 20:10:03.260844+07,2026-03-06 20:10:03.260844+07
b5a7925d-b5f1-41c3-9dee-31b5c73a8675,DHI,Khoa Quốc tế - Đại học Huế,DHI,public,,,,,,,,,,t,2026-03-06 20:16:17.052294+07,https://diemthi.tuyensinh247.com/diem-chuan/khoa-quoc-te-dai-hoc-hue-DHI.html,2026-03-06 20:15:09.007094+07,2026-03-06 20:15:09.007094+07
75ebac7c-0e25-4937-a857-465970dfbd54,NHB,Học Viện Ngân Hàng (Phân Viện Bắc Ninh),NHB,public,,,,,,,,,,t,2026-03-06 20:16:21.009791+07,https://diemthi.tuyensinh247.com/diem-chuan/hoc-vien-ngan-hang-phan-vien-bac-ninh-NHB.html,2026-03-06 20:15:09.007094+07,2026-03-06 20:15:09.007094+07
3304857a-03bd-42d4-b334-d89e54125366,DSK,Trường Đại học Sư phạm Kỹ thuật - Đại học Đà Nẵng,DSK,public,,,,,,,,,,t,2026-03-06 20:16:24.509096+07,https://diemthi.tuyensinh247.com/diem-chuan/dai-hoc-su-pham-ky-thuat-dai-hoc-da-nang-DSK.html,2026-03-06 20:15:09.007094+07,2026-03-06 20:15:09.007094+07
04b6ee05-25e6-4201-ae8b-f7ecb7e24021,UKH,Trường Đại học Khánh Hòa,UKH,public,,,,,,,,,,t,2026-03-06 20:16:27.9776+07,https://diemthi.tuyensinh247.com/diem-chuan/dai-hoc-khanh-hoa-UKH.html,2026-03-06 20:15:09.007094+07,2026-03-06 20:15:09.007094+07
232d27a4-454c-45e8-8b26-27c551fd29fa,STS,Trường Đại Học Sư Phạm Thể Dục Thể Thao TPHCM,STS,public,,,,,,,,,,t,2026-03-06 20:16:31.248655+07,https://diemthi.tuyensinh247.com/diem-chuan/dai-hoc-su-pham-the-duc-the-thao-tphcm-STS.html,2026-03-06 20:15:09.007094+07,2026-03-06 20:15:09.007094+07
309b252b-b58d-4e08-a002-57eef4ade6f9,DTK,Trường Đại Học Kỹ Thuật Công Nghiệp Thái Nguyên,DTK,public,,,,,,,,,,t,2026-03-06 20:16:35.745697+07,https://diemthi.tuyensinh247.com/diem-chuan/dai-hoc-ky-thuat-cong-nghiep-thai-nguyen-DTK.html,2026-03-06 20:15:09.007094+07,2026-03-06 20:15:09.007094+07
e9588b24-4da3-40bb-b617-d91848b5281f,DQK,Trường Đại Học Kinh Doanh và Công Nghệ Hà Nội,DQK,public,,,,,,,,,,t,2026-03-06 20:16:38.194234+07,https://diemthi.tuyensinh247.com/diem-chuan/dai-hoc-kinh-doanh-va-cong-nghe-ha-noi-DQK.html,2026-03-06 20:15:09.007094+07,2026-03-06 20:15:09.007094+07
a789576a-3ace-4ed2-967c-13d33cb521d4,KTD,Trường Đại Học Kiến Trúc Đà Nẵng,KTD,public,,,,,,,,,,t,2026-03-06 20:16:41.964895+07,https://diemthi.tuyensinh247.com/diem-chuan/dai-hoc-kien-truc-da-nang-KTD.html,2026-03-06 20:15:09.007094+07,2026-03-06 20:15:09.007094+07
65180046-06b2-49a4-9aa8-96f06af5fe3f,VLU,Trường Đại Học Sư Phạm Kỹ Thuật Vĩnh Long,VLU,public,,,,,,,,,,t,2026-03-06 20:16:45.752386+07,https://diemthi.tuyensinh247.com/diem-chuan/dai-hoc-su-pham-ky-thuat-vinh-long-VLU.html,2026-03-06 20:15:09.007094+07,2026-03-06 20:15:09.007094+07
b47b987e-207e-42d6-8568-ae120447181e,DPD,Trường Đại Học Phương Đông,DPD,public,,,,,,,,,,t,2026-03-06 20:16:50.167369+07,https://diemthi.tuyensinh247.com/diem-chuan/dai-hoc-phuong-dong-DPD.html,2026-03-06 20:15:09.007094+07,2026-03-06 20:15:09.007094+07
1e82f624-f8a2-46a7-aa0c-744158fad6cf,TDS,Trường Đại Học Thể Dục Thể Thao TPHCM,TDS,public,,,,,,,,,,t,2026-03-06 20:16:53.973915+07,https://diemthi.tuyensinh247.com/diem-chuan/dai-hoc-the-duc-the-thao-tphcm-TDS.html,2026-03-06 20:15:09.007094+07,2026-03-06 20:15:09.007094+07
29e26077-f4f7-449d-8411-fc8f0fe64c27,DDL,Trường Đại Học Điện Lực,DDL,public,,,,,,,,,,t,2026-03-06 20:16:56.874601+07,https://diemthi.tuyensinh247.com/diem-chuan/dai-hoc-dien-luc-DDL.html,2026-03-06 20:15:09.007094+07,2026-03-06 20:15:09.007094+07
d785858a-e29c-4941-8761-0d667b955b5c,MDA,Trường Đại Học Mỏ Địa Chất,MDA,public,,,,,,,,,,t,2026-03-06 20:17:01.325868+07,https://diemthi.tuyensinh247.com/diem-chuan/dai-hoc-mo-dia-chat-MDA.html,2026-03-06 20:15:09.007094+07,2026-03-06 20:15:09.007094+07
107cd1f0-3213-466f-b041-9aee36b60a74,GTA,Trường Đại học Công nghệ Giao thông vận tải,GTA,public,,,,,,,,,,t,2026-03-06 20:17:05.44969+07,https://diemthi.tuyensinh247.com/diem-chuan/dai-hoc-cong-nghe-giao-thong-van-tai-GTA.html,2026-03-06 20:15:09.007094+07,2026-03-06 20:15:09.007094+07
8dd5e8ea-7fe1-4c08-a12a-4c238ea981eb,FBU,Trường Đại Học Tài Chính Ngân Hàng Hà Nội,FBU,public,,,,,,,,,,t,2026-03-06 20:17:07.79435+07,https://diemthi.tuyensinh247.com/diem-chuan/dai-hoc-tai-chinh-ngan-hang-ha-noi-FBU.html,2026-03-06 20:15:09.007094+07,2026-03-06 20:15:09.007094+07
7953fde7-bbcc-4ce4-8335-fc8e8823319e,MBS,Trường Đại Học Mở TPHCM,MBS,public,,,,,,,,,,t,2026-03-06 20:17:10.454802+07,https://diemthi.tuyensinh247.com/diem-chuan/dai-hoc-mo-tphcm-MBS.html,2026-03-06 20:15:09.007094+07,2026-03-06 20:15:09.007094+07
08b45018-aff1-4295-9719-043e1102bda5,LBH,Trường Sĩ Quan Lục Quân 2 - Đại học Nguyễn Huệ,LBH,public,,,,,,,,,,t,2026-03-06 20:20:25.298835+07,https://diemthi.tuyensinh247.com/diem-chuan/truong-si-quan-luc-quan-2-dai-hoc-nguyen-hue-LBH.html,2026-03-06 20:20:17.501751+07,2026-03-06 20:20:17.501751+07
b564756e-0edf-480f-9a55-0f488b9a4d3f,TSN,Trường Đại Học Nha Trang,TSN,public,,,,,,,,,,t,2026-03-06 20:20:28.210471+07,https://diemthi.tuyensinh247.com/diem-chuan/dai-hoc-nha-trang-TSN.html,2026-03-06 20:20:17.501751+07,2026-03-06 20:20:17.501751+07
2b62b308-fca6-46c4-bdec-46c8d4584d22,GSA,Trường Đại Học Giao Thông Vận Tải (Cơ sở 2),GSA,public,,,,,,,,,,t,2026-03-06 20:20:31.895566+07,https://diemthi.tuyensinh247.com/diem-chuan/dai-hoc-giao-thong-van-tai-co-so-phia-nam-GSA.html,2026-03-06 20:20:17.501751+07,2026-03-06 20:20:17.501751+07
50445b30-c3e0-4f99-b45f-0a20f1ca8101,DMS,Trường Đại Học Tài Chính Marketing,DMS,public,,,,,,,,,,t,2026-03-06 20:20:34.976812+07,https://diemthi.tuyensinh247.com/diem-chuan/dai-hoc-tai-chinh-marketing-DMS.html,2026-03-06 20:20:17.501751+07,2026-03-06 20:20:17.501751+07
528c33bb-ef4d-4d22-9a8e-705b96a722b3,DHF,Trường Đại Học Ngoại Ngữ Huế,DHF,public,,,,,,,,,,t,2026-03-06 20:20:38.814617+07,https://diemthi.tuyensinh247.com/diem-chuan/dai-hoc-ngoai-ngu-hue-DHF.html,2026-03-06 20:20:17.501751+07,2026-03-06 20:20:17.501751+07
b394aa08-7b57-436f-8242-ffcb1331bd75,DDK,Trường Đại Học Bách Khoa Đà Nẵng,DDK,public,,,,,,,,,,t,2026-03-06 20:20:42.39554+07,https://diemthi.tuyensinh247.com/diem-chuan/dai-hoc-bach-khoa-da-nang-DDK.html,2026-03-06 20:20:17.501751+07,2026-03-06 20:20:17.501751+07
e05c85da-a971-4e47-936a-1bfc48741498,KSA,Đại Học Kinh Tế TPHCM,KSA,public,,,,,,,,,,t,2026-03-06 20:20:47.585711+07,https://diemthi.tuyensinh247.com/diem-chuan/dai-hoc-kinh-te-tphcm-KSA.html,2026-03-06 20:20:17.501751+07,2026-03-06 20:20:17.501751+07
95a42599-6288-4e53-bc7b-983bb1af055d,QHY,Trường Đại học Y Dược - ĐHQG Hà Nội,QHY,public,,,,,,,,,,t,2026-03-06 20:20:47.641182+07,https://diemthi.tuyensinh247.com/diem-chuan/dai-hoc-y-duoc-dai-hoc-quoc-gia-ha-noi-QHY.html,2026-03-06 20:20:17.501751+07,2026-03-06 20:20:17.501751+07
1de020d0-ce66-41e4-b0b4-5805d7ee86b6,DDF,Trường Đại Học Ngoại Ngữ Đà Nẵng,DDF,public,,,,,,,,,,t,2026-03-06 20:20:49.848021+07,https://diemthi.tuyensinh247.com/diem-chuan/dai-hoc-ngoai-ngu-da-nang-DDF.html,2026-03-06 20:20:17.501751+07,2026-03-06 20:20:17.501751+07
a5277cf3-9112-4096-8d83-478ef9858cce,LPS,Trường Đại Học Luật TPHCM,LPS,public,,,,,,,,,,t,2026-03-06 20:20:53.534389+07,https://diemthi.tuyensinh247.com/diem-chuan/dai-hoc-luat-tphcm-LPS.html,2026-03-06 20:20:17.501751+07,2026-03-06 20:20:17.501751+07
7e16f9a0-cba1-4948-be25-a95c4ccf72ea,HEH,Học Viện Hậu Cần - Hệ Quân sự,HEH,public,,,,,,,,,,t,2026-03-06 20:20:57.663043+07,https://diemthi.tuyensinh247.com/diem-chuan/hoc-vien-hau-can-he-quan-su-HEH.html,2026-03-06 20:20:17.501751+07,2026-03-06 20:20:17.501751+07
1cea4f7d-7de1-4f83-813c-8d74c45641ba,QSK,Trường Đại học Kinh Tế Luật TPHCM,QSK,public,,,,,,,,,,t,2026-03-06 20:21:01.44886+07,https://diemthi.tuyensinh247.com/diem-chuan/dai-hoc-kinh-te-luat-tphcm-QSK.html,2026-03-06 20:20:17.501751+07,2026-03-06 20:20:17.501751+07
3efe6afb-39c3-4c6b-8af7-85839e700244,YQH,Học Viện Quân Y - Hệ Quân sự,YQH,public,,,,,,,,,,t,2026-03-06 20:21:05.641323+07,https://diemthi.tuyensinh247.com/diem-chuan/hoc-vien-quan-y-he-quan-su-YQH.html,2026-03-06 20:20:17.501751+07,2026-03-06 20:20:17.501751+07
632bf1ac-7de3-4b31-87aa-04dc3c15abf2,HTN,Học Viện Thanh Thiếu Niên Việt Nam,HTN,public,,,,,,,,,,t,2026-03-06 20:21:09.377473+07,https://diemthi.tuyensinh247.com/diem-chuan/hoc-vien-thanh-thieu-nien-viet-nam-HTN.html,2026-03-06 20:20:17.501751+07,2026-03-06 20:20:17.501751+07
c5155d37-c9d8-48ef-a596-d01c629b76fd,SPK,Trường Đại Học Công nghệ Kỹ thuật TP HCM,SPK,public,,,,,,,,,,t,2026-03-06 20:21:13.255765+07,https://diemthi.tuyensinh247.com/diem-chuan/dai-hoc-cong-nghe-ky-thuat-tphcm-SPK.html,2026-03-06 20:20:17.501751+07,2026-03-06 20:20:17.501751+07
4ed8be82-76a5-4ed3-91ad-21f9959192e9,VHS,Trường Đại Học Văn Hóa TPHCM,VHS,public,,,,,,,,,,t,2026-03-06 20:21:16.902889+07,https://diemthi.tuyensinh247.com/diem-chuan/dai-hoc-van-hoa-tphcm-VHS.html,2026-03-06 20:20:17.501751+07,2026-03-06 20:20:17.501751+07
deeb84ed-ced4-40e4-8497-a94a08e5076d,DHN,Trường Đại Học Nghệ Thuật Huế,DHN,public,,,,,,,,,,t,2026-03-06 20:13:25.11648+07,https://diemthi.tuyensinh247.com/diem-chuan/dai-hoc-nghe-thuat-hue-DHN.html,2026-03-06 20:13:25.122909+07,2026-03-06 20:13:25.122909+07
5e37f192-4126-4399-a0c5-75bdaaf60d1e,BVU,Trường Đại Học Bà Rịa – Vũng Tàu,BVU,public,,,,,,,,,,t,2026-03-06 20:13:27.576269+07,https://diemthi.tuyensinh247.com/diem-chuan/dai-hoc-ba-ria-vung-tau-BVU.html,2026-03-06 20:13:25.122909+07,2026-03-06 20:13:25.122909+07
8b2731f8-226c-47cb-bac0-6d6384199db6,VJU,Trường Đại học Việt Nhật - ĐHQG Hà Nội,VJU,public,,,,,,,,,,t,2026-03-06 20:13:30.743937+07,https://diemthi.tuyensinh247.com/diem-chuan/dai-hoc-viet-nhat-ha-noi-VJU.html,2026-03-06 20:13:25.122909+07,2026-03-06 20:13:25.122909+07
2e291e0f-a391-4020-949f-33b9c68ff521,DTV,Trường Đại Học Lương Thế Vinh,DTV,public,,,,,,,,,,t,2026-03-06 20:13:33.47869+07,https://diemthi.tuyensinh247.com/diem-chuan/dai-hoc-luong-the-vinh-DTV.html,2026-03-06 20:13:25.122909+07,2026-03-06 20:13:25.122909+07
312ab976-ff6a-4cc5-aeab-50791d4ea267,DBD,Trường Đại Học Bình Dương,DBD,public,,,,,,,,,,t,2026-03-06 20:13:37.601126+07,https://diemthi.tuyensinh247.com/diem-chuan/dai-hoc-binh-duong-DBD.html,2026-03-06 20:13:25.122909+07,2026-03-06 20:13:25.122909+07
c6d7ba85-08e5-4636-8909-d24e1ad0346b,TDD,Trường Đại học Thành Đô,TDD,public,,,,,,,,,,t,2026-03-06 20:13:41.985634+07,https://diemthi.tuyensinh247.com/diem-chuan/dai-hoc-thanh-do-TDD.html,2026-03-06 20:13:25.122909+07,2026-03-06 20:13:25.122909+07
1bd10526-f777-4472-acf5-34d6bb3bdf9b,DYD,Trường Đại Học Yersin Đà Lạt,DYD,public,,,,,,,,,,t,2026-03-06 20:13:45.443515+07,https://diemthi.tuyensinh247.com/diem-chuan/dai-hoc-yersin-da-lat-DYD.html,2026-03-06 20:13:25.122909+07,2026-03-06 20:13:25.122909+07
c6adcd72-8e6a-4fd0-91fd-a4f3ae359758,DDB,Trường Đại Học Thành Đông,DDB,public,,,,,,,,,,t,2026-03-06 20:13:50.750041+07,https://diemthi.tuyensinh247.com/diem-chuan/dai-hoc-thanh-dong-DDB.html,2026-03-06 20:13:25.122909+07,2026-03-06 20:13:25.122909+07
934633a2-7ece-4747-830a-14b67ea34248,DTD,Trường Đại Học Tây Đô,DTD,public,,,,,,,,,,t,2026-03-06 20:14:02.939254+07,https://diemthi.tuyensinh247.com/diem-chuan/dai-hoc-tay-do-DTD.html,2026-03-06 20:14:02.954024+07,2026-03-06 20:14:02.954024+07
7b3fdfa6-8a30-443e-a267-d47289bef891,NLN,Phân hiệu Đại học Nông Lâm TPHCM tại Ninh Thuận,NLN,public,,,,,,,,,,t,2026-03-06 20:14:05.852001+07,https://diemthi.tuyensinh247.com/diem-chuan/phan-hieu-dai-hoc-nong-lam-tphcm-tai-ninh-thuan-NLN.html,2026-03-06 20:14:02.954024+07,2026-03-06 20:14:02.954024+07
8d4bfc3e-d3a0-414c-8725-cbae9b0e8499,PCH,Trường Đại Học Phòng Cháy Chữa Cháy (Phía Bắc),PCH,public,,,,,,,,,,t,2026-03-06 20:14:08.355931+07,https://diemthi.tuyensinh247.com/diem-chuan/dai-hoc-phong-chay-chua-chay-phia-bac-PCH.html,2026-03-06 20:14:02.954024+07,2026-03-06 20:14:02.954024+07
4d602977-af28-4138-a831-5ab2da34e9eb,NHS,Trường Đại Học Ngân Hàng TPHCM,NHS,public,,,,,,,,,,t,2026-03-06 20:18:11.800343+07,https://diemthi.tuyensinh247.com/diem-chuan/dai-hoc-ngan-hang-tphcm-NHS.html,2026-03-06 20:17:13.935512+07,2026-03-06 20:17:13.935512+07
4729e571-a25e-4cb7-8aed-f577c263c920,HCS,Học Viện Hành Chính Và Quản Trị Công (phía Nam),HCS,public,,,,,,,,,,t,2026-03-06 20:18:14.913809+07,https://diemthi.tuyensinh247.com/diem-chuan/hoc-vien-hanh-chinh-va-quan-tri-cong-phia-nam-HCS.html,2026-03-06 20:17:13.935512+07,2026-03-06 20:17:13.935512+07
d6cae23b-4950-403a-b7d0-4fdb667bbe67,HHT,Trường Đại Học Hà Tĩnh,HHT,public,,,,,,,,,,t,2026-03-06 20:18:22.108304+07,https://diemthi.tuyensinh247.com/diem-chuan/dai-hoc-ha-tinh-HHT.html,2026-03-06 20:17:13.935512+07,2026-03-06 20:17:13.935512+07
3e7ce046-7ebc-456d-8995-cb10ec9c7e9d,DMT,Trường Đại học Tài Nguyên và Môi Trường Hà Nội,DMT,public,,,,,,,,,,t,2026-03-06 20:18:22.306419+07,https://diemthi.tuyensinh247.com/diem-chuan/dai-hoc-tai-nguyen-va-moi-truong-ha-noi-DMT.html,2026-03-06 20:17:13.935512+07,2026-03-06 20:17:13.935512+07
80c4f4fb-b7a5-4ce7-8fde-ed1935287772,DPQ,Trường Đại Học Phạm Văn Đồng,DPQ,public,,,,,,,,,,t,2026-03-06 20:18:24.915793+07,https://diemthi.tuyensinh247.com/diem-chuan/dai-hoc-pham-van-dong-DPQ.html,2026-03-06 20:17:13.935512+07,2026-03-06 20:17:13.935512+07
fbb113a4-7e61-4807-88df-8729b0043d5b,DQB,Trường Đại Học Quảng Bình,DQB,public,,,,,,,,,,t,2026-03-06 20:18:26.865636+07,https://diemthi.tuyensinh247.com/diem-chuan/dai-hoc-quang-binh-DQB.html,2026-03-06 20:17:13.935512+07,2026-03-06 20:17:13.935512+07
d4bd03be-6ee9-4884-bde9-202eb5a825af,DKT,Trường Đại Học Hải Dương,DKT,public,,,,,,,,,,t,2026-03-06 20:18:30.810958+07,https://diemthi.tuyensinh247.com/diem-chuan/dai-hoc-hai-duong-DKT.html,2026-03-06 20:17:13.935512+07,2026-03-06 20:17:13.935512+07
b43149d5-84b2-4ef1-945b-f4fe29543270,HLU,Trường Đại Học Hạ Long,HLU,public,,,,,,,,,,t,2026-03-06 20:18:34.291705+07,https://diemthi.tuyensinh247.com/diem-chuan/dai-hoc-ha-long-HLU.html,2026-03-06 20:17:13.935512+07,2026-03-06 20:17:13.935512+07
01dfa4ba-361f-428c-a6dd-731dc689dcb9,DTF,Trường Ngoại Ngữ Thái Nguyên,DTF,public,,,,,,,,,,t,2026-03-06 20:18:38.083772+07,https://diemthi.tuyensinh247.com/diem-chuan/truong-ngoai-ngu-thai-nguyen-DTF.html,2026-03-06 20:17:13.935512+07,2026-03-06 20:17:13.935512+07
f0aa8c82-6e90-4526-8344-e69e1162a9fb,DDQ,Trường Đại Học Kinh Tế – Đại Học Đà Nẵng,DDQ,public,,,,,,,,,,t,2026-03-06 20:18:41.658126+07,https://diemthi.tuyensinh247.com/diem-chuan/dai-hoc-kinh-te-dai-hoc-da-nang-DDQ.html,2026-03-06 20:17:13.935512+07,2026-03-06 20:17:13.935512+07
0a7940cb-fc85-48c6-89fd-3092b609f2ad,GNT,Trường Đại Học Sư Phạm Nghệ Thuật Trung Ương,GNT,public,,,,,,,,,,t,2026-03-06 20:18:45.832357+07,https://diemthi.tuyensinh247.com/diem-chuan/dai-hoc-su-pham-nghe-thuat-trung-uong-GNT.html,2026-03-06 20:17:13.935512+07,2026-03-06 20:17:13.935512+07
4528f147-dfdb-4d22-ba42-3ef818044c6b,DHC,Khoa Giáo Dục Thể Chất Huế,DHC,public,,,,,,,,,,t,2026-03-06 20:18:50.283393+07,https://diemthi.tuyensinh247.com/diem-chuan/khoa-giao-duc-the-chat-hue-DHC.html,2026-03-06 20:17:13.935512+07,2026-03-06 20:17:13.935512+07
0eff5896-4f74-4de3-b0bc-7c7250a34fe5,DQN,Trường Đại Học Quy Nhơn,DQN,public,,,,,,,,,,t,2026-03-06 20:18:54.381781+07,https://diemthi.tuyensinh247.com/diem-chuan/dai-hoc-quy-nhon-DQN.html,2026-03-06 20:17:13.935512+07,2026-03-06 20:17:13.935512+07
364cb854-ef94-4c4b-817e-cfe1180d019b,TTN,Trường Đại Học Tây Nguyên,TTN,public,,,,,,,,,,t,2026-03-06 20:18:58.646728+07,https://diemthi.tuyensinh247.com/diem-chuan/dai-hoc-tay-nguyen-TTN.html,2026-03-06 20:17:13.935512+07,2026-03-06 20:17:13.935512+07
e6af00af-0af0-463a-9476-6cb15be9b20c,QHK,Trường Khoa học liên ngành và Nghệ thuật Hà Nội,QHK,public,,,,,,,,,,t,2026-03-06 20:19:01.21117+07,https://diemthi.tuyensinh247.com/diem-chuan/truong-khoa-hoc-lien-nganh-va-nghe-thuat-ha-noi-QHK.html,2026-03-06 20:17:13.935512+07,2026-03-06 20:17:13.935512+07
1a58e92f-45e9-4c1a-8ba2-13fec449cdf6,SPD,Trường Đại Học Đồng Tháp,SPD,public,,,,,,,,,,t,2026-03-06 20:19:05.529546+07,https://diemthi.tuyensinh247.com/diem-chuan/dai-hoc-dong-thap-SPD.html,2026-03-06 20:17:13.935512+07,2026-03-06 20:17:13.935512+07
1b77e95a-9cd3-4c53-92f1-8d971f0e7882,HCH,Học Viện Hành Chính và Quản trị công,HCH,public,,,,,,,,,,t,2026-03-06 20:19:08.744083+07,https://diemthi.tuyensinh247.com/diem-chuan/hoc-vien-hanh-chinh-va-quan-tri-cong-HCH.html,2026-03-06 20:17:13.935512+07,2026-03-06 20:17:13.935512+07
aa011771-8a66-4035-8d89-843588869d7f,QSA,Trường Đại Học An Giang,QSA,public,,,,,,,,,,t,2026-03-06 20:19:12.979646+07,https://diemthi.tuyensinh247.com/diem-chuan/dai-hoc-an-giang-QSA.html,2026-03-06 20:17:13.935512+07,2026-03-06 20:17:13.935512+07
c55dbbae-c2ae-43ea-9f99-3c23965668eb,TDV,Trường Đại Học Vinh,TDV,public,,,,,,,,,,t,2026-03-06 20:19:17.334175+07,https://diemthi.tuyensinh247.com/diem-chuan/dai-hoc-vinh-TDV.html,2026-03-06 20:17:13.935512+07,2026-03-06 20:17:13.935512+07
fbecfcb5-3017-43f4-84fd-127b9f908537,KTA,Trường Đại Học Kiến Trúc Hà Nội,KTA,public,,,,,,,,,,t,2026-03-06 20:19:19.785094+07,https://diemthi.tuyensinh247.com/diem-chuan/dai-hoc-kien-truc-ha-noi-KTA.html,2026-03-06 20:17:13.935512+07,2026-03-06 20:17:13.935512+07
c35b7fcd-2a2e-4661-b289-a79e454e9915,HHA,Trường Đại Học Hàng Hải Việt Nam,HHA,public,,,,,,,,,,t,2026-03-06 20:19:24.214221+07,https://diemthi.tuyensinh247.com/diem-chuan/-HHA.html,2026-03-06 20:17:13.935512+07,2026-03-06 20:17:13.935512+07
c5e53744-f81d-439c-b9b0-7ddf59c1e1bd,LDA,Trường Đại Học Công Đoàn,LDA,public,,,,,,,,,,t,2026-03-06 20:19:30.080205+07,https://diemthi.tuyensinh247.com/diem-chuan/dai-hoc-cong-doan-LDA.html,2026-03-06 20:17:13.935512+07,2026-03-06 20:17:13.935512+07
2976572a-9144-470b-b702-c7c8027e58f0,MHN,Trường Đại Học Mở Hà Nội,MHN,public,,,,,,,,,,t,2026-03-06 20:19:31.82712+07,https://diemthi.tuyensinh247.com/diem-chuan/dai-hoc-mo-ha-noi-MHN.html,2026-03-06 20:17:13.935512+07,2026-03-06 20:17:13.935512+07
173d50b3-9a1a-4aab-86e7-1138b5d69fbe,HCP,Học Viện Chính Sách và Phát Triển,HCP,public,,,,,,,,,,t,2026-03-06 20:19:36.130399+07,https://diemthi.tuyensinh247.com/diem-chuan/hoc-vien-chinh-sach-va-phat-trien-HCP.html,2026-03-06 20:17:13.935512+07,2026-03-06 20:17:13.935512+07
c44fbc06-664e-47bf-9bf1-367859b6cdf4,THP,Trường Đại Học Hải Phòng,THP,public,,,,,,,,,,t,2026-03-06 20:19:40.40834+07,https://diemthi.tuyensinh247.com/diem-chuan/dai-hoc-hai-phong-THP.html,2026-03-06 20:17:13.935512+07,2026-03-06 20:17:13.935512+07
75c0213b-cf55-48be-ae55-41544d312e6a,THV,Trường Đại Học Hùng Vương,THV,public,,,,,,,,,,t,2026-03-06 20:19:43.459739+07,https://diemthi.tuyensinh247.com/diem-chuan/dai-hoc-hung-vuong-THV.html,2026-03-06 20:17:13.935512+07,2026-03-06 20:17:13.935512+07
27b3b6e7-cf66-4a54-86ce-56b81b5f6521,DDU,Trường Đại Học Đông Đô,DDU,public,,,,,,,,,,t,2026-03-06 20:13:57.792218+07,https://diemthi.tuyensinh247.com/diem-chuan/dai-hoc-dong-do-DDU.html,2026-03-06 20:13:50.807864+07,2026-03-06 20:13:50.807864+07
89d126fa-6820-42a0-b341-28f6590da6ca,DKC,Trường Đại học Công Nghệ TPHCM,DKC,public,,,,,,,,,,t,2026-03-06 20:14:01.159955+07,https://diemthi.tuyensinh247.com/diem-chuan/dai-hoc-cong-nghe-tphcm-DKC.html,2026-03-06 20:13:50.807864+07,2026-03-06 20:13:50.807864+07
348988d6-8be4-4d5a-96bc-421e08ebebb2,QSQ,Trường Đại Học Quốc Tế - ĐHQG TPHCM,QSQ,public,,,,,,,,,,t,2026-03-06 20:19:45.644639+07,https://diemthi.tuyensinh247.com/diem-chuan/dai-hoc-quoc-te-dhqg-tphcm-QSQ.html,2026-03-06 20:17:13.935512+07,2026-03-06 20:17:13.935512+07
d86cc4d1-4857-4d79-9e09-539d197ce247,QSY,Trường Đại học Khoa học sức khỏe TPHCM,QSY,public,,,,,,,,,,t,2026-03-06 20:19:49.933924+07,https://diemthi.tuyensinh247.com/diem-chuan/dai-hoc-khoa-hoc-suc-khoe-tphcm-QSY.html,2026-03-06 20:17:13.935512+07,2026-03-06 20:17:13.935512+07
69c910bb-7644-4645-a93c-9db68e7a5391,HCA,Học Viện Chính Trị Công An Nhân Dân,HCA,public,,,,,,,,,,t,2026-03-06 20:19:55.281016+07,https://diemthi.tuyensinh247.com/diem-chuan/hoc-vien-chinh-tri-cong-an-nhan-dan-HCA.html,2026-03-06 20:17:13.935512+07,2026-03-06 20:17:13.935512+07
56653d84-5c79-4bb8-9154-2b50be7b8e0c,KTS,Trường Đại Học Kiến Trúc TPHCM,KTS,public,,,,,,,,,,t,2026-03-06 20:19:58.604955+07,https://diemthi.tuyensinh247.com/diem-chuan/dai-hoc-kien-truc-tphcm-KTS.html,2026-03-06 20:17:13.935512+07,2026-03-06 20:17:13.935512+07
c2d15801-8e05-403b-84b7-f9a68b1985dd,DDY,Trường Y Dược Đà Nẵng,DDY,public,,,,,,,,,,t,2026-03-06 20:20:02.221+07,https://diemthi.tuyensinh247.com/diem-chuan/truong-y-duoc-da-nang-DDY.html,2026-03-06 20:17:13.935512+07,2026-03-06 20:17:13.935512+07
036e914d-2bf5-4610-afad-9b94809df37a,DHY,Trường Đại Học Y Dược Huế,DHY,public,,,,,,,,,,t,2026-03-06 20:20:06.096928+07,https://diemthi.tuyensinh247.com/diem-chuan/dai-hoc-y-duoc-hue-DHY.html,2026-03-06 20:17:13.935512+07,2026-03-06 20:17:13.935512+07
796307b0-ae97-4414-8080-c33e21307e5b,DTY,Trường Đại Học Y Dược Thái Nguyên,DTY,public,,,,,,,,,,t,2026-03-06 20:20:10.39508+07,https://diemthi.tuyensinh247.com/diem-chuan/dai-hoc-y-duoc-thai-nguyen-DTY.html,2026-03-06 20:17:13.935512+07,2026-03-06 20:17:13.935512+07
5373ba84-1643-4310-9a8e-d3635c9f7dca,YDN,Trường Đại học Kỹ thuật Y Dược Đà Nẵng,YDN,public,,,,,,,,,,t,2026-03-06 20:20:13.882065+07,https://diemthi.tuyensinh247.com/diem-chuan/dai-hoc-ky-thuat-y-duoc-da-nang-YDN.html,2026-03-06 20:17:13.935512+07,2026-03-06 20:17:13.935512+07
d7b481b4-6d55-403c-b294-baa20be16752,QHS,Trường Đại Học Giáo Dục - ĐHQG Hà Nội,QHS,public,,,,,,,,,,t,2026-03-06 20:21:19.863822+07,https://diemthi.tuyensinh247.com/diem-chuan/dai-hoc-giao-duc-ha-noi-QHS.html,2026-03-06 20:20:17.501751+07,2026-03-06 20:20:17.501751+07
a3d0cdf5-e9f6-4f93-ad76-c2292bb5cb96,SP2,Trường Đại Học Sư Phạm Hà Nội 2,SP2,public,,,,,,,,,,t,2026-03-06 20:21:22.100569+07,https://diemthi.tuyensinh247.com/diem-chuan/dai-hoc-su-pham-ha-noi-2-SP2.html,2026-03-06 20:20:17.501751+07,2026-03-06 20:20:17.501751+07
e7f38d9b-a2f6-41aa-8754-d208709824cd,DDS,Trường Đại Học Sư Phạm - Đại Học Đà Nẵng,DDS,public,,,,,,,,,,t,2026-03-06 20:21:25.493464+07,https://diemthi.tuyensinh247.com/diem-chuan/dai-hoc-su-pham-dai-hoc-da-nang-DDS.html,2026-03-06 20:20:17.501751+07,2026-03-06 20:20:17.501751+07
7e16ed52-2804-4d19-ad4e-feb7ba635c45,HTA,Học viện Tòa án,HTA,public,,,,,,,,,,t,2026-03-06 20:21:29.049918+07,https://diemthi.tuyensinh247.com/diem-chuan/hoc-vien-toa-an-HTA.html,2026-03-06 20:20:17.501751+07,2026-03-06 20:20:17.501751+07
6804b697-520f-476a-bf38-8b586e2d7648,NTS,Trường Đại học Ngoại thương (Cơ sở II),NTS,public,,,,,,,,,,t,2026-03-06 20:21:32.881955+07,https://diemthi.tuyensinh247.com/diem-chuan/dai-hoc-ngoai-thuong-co-so-phia-nam-NTS.html,2026-03-06 20:20:17.501751+07,2026-03-06 20:20:17.501751+07
df11ee9f-af98-415f-a259-836a3fc9f1f9,NQH,Học Viện Khoa Học Quân Sự - Hệ Quân sự,NQH,public,,,,,,,,,,t,2026-03-06 20:21:36.83695+07,https://diemthi.tuyensinh247.com/diem-chuan/hoc-vien-khoa-hoc-quan-su-he-quan-su-NQH.html,2026-03-06 20:20:17.501751+07,2026-03-06 20:20:17.501751+07
91eb7493-b3aa-48d2-a712-1586fa389308,SGD,Trường Đại Học Sài Gòn,SGD,public,,,,,,,,,,t,2026-03-06 20:21:41.319394+07,https://diemthi.tuyensinh247.com/diem-chuan/dai-hoc-sai-gon-SGD.html,2026-03-06 20:20:17.501751+07,2026-03-06 20:20:17.501751+07
e99b12d5-88cd-457b-ae66-1097b1738f2e,QSC,Trường Đại Học Công Nghệ Thông Tin - ĐHQG TPHCM,QSC,public,,,,,,,,,,t,2026-03-06 20:21:44.216119+07,https://diemthi.tuyensinh247.com/diem-chuan/dai-hoc-cong-nghe-thong-tin-dhqg-tphcm-QSC.html,2026-03-06 20:20:17.501751+07,2026-03-06 20:20:17.501751+07
2b7d69e2-6154-4d00-9825-9490a05a7194,DHS,Trường Đại Học Sư Phạm Huế,DHS,public,,,,,,,,,,t,2026-03-06 20:21:46.740214+07,https://diemthi.tuyensinh247.com/diem-chuan/dai-hoc-su-pham-hue-DHS.html,2026-03-06 20:20:17.501751+07,2026-03-06 20:20:17.501751+07
ab1c5b50-b691-4f49-a6f4-15b34cfc0c59,QHL,Trường Đại học Luật – ĐHQG Hà Nội,QHL,public,,,,,,,,,,t,2026-03-06 20:21:50.394039+07,https://diemthi.tuyensinh247.com/diem-chuan/dai-hoc-luat-dai-hoc-quoc-gia-ha-noi-QHL.html,2026-03-06 20:20:17.501751+07,2026-03-06 20:20:17.501751+07
77275b34-c087-4383-af09-01512b64272b,BPH,Học Viện Biên Phòng,BPH,public,,,,,,,,,,t,2026-03-06 20:21:53.819836+07,https://diemthi.tuyensinh247.com/diem-chuan/hoc-vien-bien-phong-BPH.html,2026-03-06 20:20:17.501751+07,2026-03-06 20:20:17.501751+07
050bebe6-c70f-4378-a8da-7de9568fc1fd,DKS,Trường Đại học Kiểm Sát,DKS,public,,,,,,,,,,t,2026-03-06 20:21:58.37269+07,https://diemthi.tuyensinh247.com/diem-chuan/dai-hoc-kiem-sat-DKS.html,2026-03-06 20:20:17.501751+07,2026-03-06 20:20:17.501751+07
e11d45d8-dda7-4eda-a68a-b536eba19624,TCT,Đại Học Cần Thơ,TCT,public,,,,,,,,,,t,2026-03-06 20:22:00.419136+07,https://diemthi.tuyensinh247.com/diem-chuan/dai-hoc-can-tho-TCT.html,2026-03-06 20:20:17.501751+07,2026-03-06 20:20:17.501751+07
f5f246c6-c219-48cb-9080-42a89e6a2b7a,LCH,Trường Sĩ Quan Chính Trị - Đại Học Chính Trị,LCH,public,,,,,,,,,,t,2026-03-06 20:22:04.464718+07,https://diemthi.tuyensinh247.com/diem-chuan/truong-si-quan-chinh-tri-dai-hoc-chinh-tri-LCH.html,2026-03-06 20:20:17.501751+07,2026-03-06 20:20:17.501751+07
4119c1c5-e056-460c-af48-acb5290fdeae,DTS,Đại Học Sư Phạm Thái Nguyên,DTS,public,,,,,,,,,,t,2026-03-06 20:22:07.37469+07,https://diemthi.tuyensinh247.com/diem-chuan/dai-hoc-su-pham-thai-nguyen-DTS.html,2026-03-06 20:20:17.501751+07,2026-03-06 20:20:17.501751+07
04d482f9-6a00-44a7-be52-2b5441a80202,QSX,Trường Đại Học Khoa Học Xã Hội và Nhân Văn TPHCM,QSX,public,,,,,,,,,,t,2026-03-06 20:22:11.84092+07,https://diemthi.tuyensinh247.com/diem-chuan/dai-hoc-khoa-hoc-xa-hoi-va-nhan-van-tphcm-QSX.html,2026-03-06 20:20:17.501751+07,2026-03-06 20:20:17.501751+07
95efc4ff-6f9f-4674-b96f-939ca777e568,QHE,Trường Đại Học Kinh Tế - ĐHQG Hà Nội,QHE,public,,,,,,,,,,t,2026-03-06 20:22:13.675139+07,https://diemthi.tuyensinh247.com/diem-chuan/dai-hoc-kinh-te-ha-noi-QHE.html,2026-03-06 20:20:17.501751+07,2026-03-06 20:20:17.501751+07
1cb2f5e2-419a-433e-b18f-6c9dcfffaf88,QHT,Trường Đại Học Khoa Học Tự Nhiên Hà Nội,QHT,public,,,,,,,,,,t,2026-03-06 20:22:16.38091+07,https://diemthi.tuyensinh247.com/diem-chuan/dai-hoc-khoa-hoc-tu-nhien-dai-hoc-quoc-gia-ha-noi-QHT.html,2026-03-06 20:20:17.501751+07,2026-03-06 20:20:17.501751+07
68f46571-0321-45ca-ab5f-bf1781f8fb3f,HBT,Học viện Báo chí và Tuyên truyền,HBT,public,,,,,,,,,,t,2026-03-06 20:22:20.065424+07,https://diemthi.tuyensinh247.com/diem-chuan/hoc-vien-bao-chi-va-tuyen-truyen-HBT.html,2026-03-06 20:20:17.501751+07,2026-03-06 20:20:17.501751+07
c99f3b67-5f6c-4427-a071-54bd4c0b5213,QHF,Trường Đại Học Ngoại Ngữ - ĐH Quốc gia Hà Nội,QHF,public,,,,,,,,,,t,2026-03-06 20:22:21.959767+07,https://diemthi.tuyensinh247.com/diem-chuan/dai-hoc-ngoai-ngu-ha-noi-QHF.html,2026-03-06 20:20:17.501751+07,2026-03-06 20:20:17.501751+07
e1316286-c0f5-44a9-a8b6-a7d5f135d3f0,LPH,Trường Đại Học Luật Hà Nội,LPH,public,,,,,,,,,,t,2026-03-06 20:22:24.964815+07,https://diemthi.tuyensinh247.com/diem-chuan/dai-hoc-luat-ha-noi-LPH.html,2026-03-06 20:20:17.501751+07,2026-03-06 20:20:17.501751+07
2e9401e2-0bde-45eb-b8e4-c0fe145dbfb9,QHX,Trường Đại Học Khoa Học Xã Hội và Nhân Văn Hà Nội,QHX,public,,,,,,,,,,t,2026-03-06 20:22:28.964663+07,https://diemthi.tuyensinh247.com/diem-chuan/dai-hoc-khoa-hoc-xa-hoi-va-nhan-van-ha-noi-QHX.html,2026-03-06 20:20:17.501751+07,2026-03-06 20:20:17.501751+07
0f8b8bcb-7e40-4954-b80c-f936e738913f,HVN,Học Viện Nông Nghiệp Việt Nam,HVN,public,,,,,,,,,,t,2026-03-06 20:22:33.070363+07,https://diemthi.tuyensinh247.com/diem-chuan/hoc-vien-nong-nghiep-viet-nam-HVN.html,2026-03-06 20:20:17.501751+07,2026-03-06 20:20:17.501751+07
dd87e250-bad1-4491-8f44-d8f9e3d5369d,DTT,Trường Đại Học Tôn Đức Thắng,DTT,public,,,,,,,,,,t,2026-03-06 20:22:37.851146+07,https://diemthi.tuyensinh247.com/diem-chuan/dai-hoc-ton-duc-thang-DTT.html,2026-03-06 20:20:17.501751+07,2026-03-06 20:20:17.501751+07
2429c08f-a0c9-4576-8f87-a6bee207558e,VHH,Trường Đại Học Văn Hóa Hà Nội,VHH,public,,,,,,,,,,t,2026-03-06 20:22:41.921713+07,https://diemthi.tuyensinh247.com/diem-chuan/dai-hoc-van-hoa-ha-noi-VHH.html,2026-03-06 20:20:17.501751+07,2026-03-06 20:20:17.501751+07
e10cc2b9-4a7a-4bd8-9613-276ddb3ea083,QST,Trường Đại Học Khoa Học Tự Nhiên TPHCM,QST,public,,,,,,,,,,t,2026-03-06 20:22:46.305257+07,https://diemthi.tuyensinh247.com/diem-chuan/dai-hoc-khoa-hoc-tu-nhien-tphcm-QST.html,2026-03-06 20:20:17.501751+07,2026-03-06 20:20:17.501751+07
b9d87572-b7a1-450e-a547-b20b44bffba1,TLA,Trường Đại Học Thủy Lợi,TLA,public,,,,,,,,,,t,2026-03-06 20:22:49.555022+07,https://diemthi.tuyensinh247.com/diem-chuan/dai-hoc-thuy-loi-co-so-1-TLA.html,2026-03-06 20:20:17.501751+07,2026-03-06 20:20:17.501751+07
2c257fde-6880-4e69-a11c-87aefe1be677,DTL,Trường Đại Học Thăng Long,DTL,public,,,,,,,,,,t,2026-03-06 20:22:52.897328+07,https://diemthi.tuyensinh247.com/diem-chuan/dai-hoc-thang-long-DTL.html,2026-03-06 20:20:17.501751+07,2026-03-06 20:20:17.501751+07
7be8b4ec-498f-4e11-84f5-d0ec07af2931,TYS,Trường Đại Học Y Khoa Phạm Ngọc Thạch,TYS,public,,,,,,,,,,t,2026-03-06 20:22:59.946362+07,https://diemthi.tuyensinh247.com/diem-chuan/dai-hoc-y-khoa-pham-ngoc-thach-TYS.html,2026-03-06 20:20:17.501751+07,2026-03-06 20:20:17.501751+07
e74ded15-9c16-453a-ba73-84bcf0e6025c,TDM,Trường Đại học Thủ Dầu Một,TDM,public,,,,,,,,,,t,2026-03-06 20:23:01.757923+07,https://diemthi.tuyensinh247.com/diem-chuan/dai-hoc-thu-dau-mot-TDM.html,2026-03-06 20:20:17.501751+07,2026-03-06 20:20:17.501751+07
a923048e-ca7e-4522-a323-08ef8c2e410b,YCT,Trường Đại Học Y Dược Cần Thơ,YCT,public,,,,,,,,,,t,2026-03-06 20:23:04.695272+07,https://diemthi.tuyensinh247.com/diem-chuan/dai-hoc-y-duoc-can-tho-YCT.html,2026-03-06 20:20:17.501751+07,2026-03-06 20:20:17.501751+07
49174883-0e32-4c4e-869f-d8779c2b0acd,ANS,Trường Đại Học An Ninh Nhân Dân,ANS,public,,,,,,,,,,t,2026-03-06 20:23:08.792538+07,https://diemthi.tuyensinh247.com/diem-chuan/dai-hoc-an-ninh-nhan-dan-ANS.html,2026-03-06 20:20:17.501751+07,2026-03-06 20:20:17.501751+07
53bff6fc-a350-4abd-9a20-4720517bfc8f,HQT,Học Viện Ngoại Giao,HQT,public,,,,,,,,,,t,2026-03-06 20:23:13.061151+07,https://diemthi.tuyensinh247.com/diem-chuan/hoc-vien-ngoai-giao-HQT.html,2026-03-06 20:23:13.074575+07,2026-03-06 20:23:13.074575+07
18a4c09c-64c7-4bc6-8fae-47be1f1ed9a1,YTC,Trường Đại Học Y Tế Công Cộng,YTC,public,,,,,,,,,,t,2026-03-06 20:23:16.839378+07,https://diemthi.tuyensinh247.com/diem-chuan/dai-hoc-y-te-cong-cong-YTC.html,2026-03-06 20:23:13.074575+07,2026-03-06 20:23:13.074575+07
aaeaae9d-b17a-41e0-8f14-e7151d7fdeb9,KQH,Học Viện Kỹ Thuật Quân Sự - Hệ Quân sự,KQH,public,,,,,,,,,,t,2026-03-06 20:23:19.517818+07,https://diemthi.tuyensinh247.com/diem-chuan/hoc-vien-ky-thuat-quan-su-he-quan-su-KQH.html,2026-03-06 20:23:13.074575+07,2026-03-06 20:23:13.074575+07
330f14bb-2dfb-4fef-acef-bde21696bbae,NHF,Trường Đại Học Hà Nội,NHF,public,,,,,,,,,,t,2026-03-06 20:23:23.34669+07,https://diemthi.tuyensinh247.com/diem-chuan/dai-hoc-ha-noi-NHF.html,2026-03-06 20:23:13.074575+07,2026-03-06 20:23:13.074575+07
3a149ce7-ff09-4a0e-9d2c-ebb34871888e,TTH,Trường Sĩ Quan Thông Tin - Hệ Quân sự - Đại Học Thông Tin Liên Lạc,TTH,public,,,,,,,,,,t,2026-03-06 20:23:26.485946+07,https://diemthi.tuyensinh247.com/diem-chuan/truong-si-quan-thong-tin-he-quan-su-dai-hoc-thong-tin-lien-lac-TTH.html,2026-03-06 20:23:13.074575+07,2026-03-06 20:23:13.074575+07
2159ee04-c2b9-46c0-9fa4-953dee4b490a,CSS,Trường Đại Học Cảnh Sát Nhân Dân,CSS,public,,,,,,,,,,t,2026-03-06 20:23:31.839842+07,https://diemthi.tuyensinh247.com/diem-chuan/dai-hoc-canh-sat-nhan-dan-CSS.html,2026-03-06 20:23:13.074575+07,2026-03-06 20:23:13.074575+07
a1b3b169-53c1-483e-a43e-006170396e8f,PKH,Học Viện Phòng Không – Không Quân,PKH,public,,,,,,,,,,t,2026-03-06 20:23:33.305585+07,https://diemthi.tuyensinh247.com/diem-chuan/hoc-vien-phong-khong-khong-quan-PKH.html,2026-03-06 20:23:13.074575+07,2026-03-06 20:23:13.074575+07
d0be1bab-a5c8-4868-959c-56514db18d17,PKA,Đại Học Phenikaa,PKA,public,,,,,,,,,,t,2026-03-06 20:23:35.65283+07,https://diemthi.tuyensinh247.com/diem-chuan/dai-hoc-phenikaa-PKA.html,2026-03-06 20:23:13.074575+07,2026-03-06 20:23:13.074575+07
b1e770e6-3c0a-4c34-968a-f17f48daafa2,HHK,Học Viện Hàng không Việt Nam,HHK,public,,,,,,,,,,t,2026-03-06 20:23:39.865322+07,https://diemthi.tuyensinh247.com/diem-chuan/hoc-vien-hang-khong-viet-nam-HHK.html,2026-03-06 20:23:13.074575+07,2026-03-06 20:23:13.074575+07
fd0d4e0f-0c4b-4be1-8fc6-a81a97088d50,HQH,Học Viện Hải Quân,HQH,public,,,,,,,,,,t,2026-03-06 20:23:42.63695+07,https://diemthi.tuyensinh247.com/diem-chuan/hoc-vien-hai-quan-HQH.html,2026-03-06 20:23:13.074575+07,2026-03-06 20:23:13.074575+07
8bc92426-dd3e-410c-b5ad-df1ffecbf6f1,LAH,Trường Sĩ Quan Lục Quân 1 - Đại học Trần Quốc Tuấn,LAH,public,,,,,,,,,,t,2026-03-06 20:23:45.560188+07,https://diemthi.tuyensinh247.com/diem-chuan/truong-si-quan-luc-quan-1-dai-hoc-tran-quoc-tuan-LAH.html,2026-03-06 20:23:13.074575+07,2026-03-06 20:23:13.074575+07
1fdd0866-1cf1-41bd-968c-839d67eb48b1,DCT,Trường Đại Học Công Thương TPHCM,DCT,public,,,,,,,,,,t,2026-03-06 20:23:50.028841+07,https://diemthi.tuyensinh247.com/diem-chuan/dai-hoc-cong-thuong-tphcm-DCT.html,2026-03-06 20:23:13.074575+07,2026-03-06 20:23:13.074575+07
6f4c8757-a643-40d2-99de-e793fd592c2c,DKK,Trường Đại Học Kinh Tế Kỹ Thuật Công Nghiệp,DKK,public,,,,,,,,,,t,2026-03-06 20:23:52.419317+07,https://diemthi.tuyensinh247.com/diem-chuan/dai-hoc-kinh-te-ky-thuat-cong-nghiep-DKK.html,2026-03-06 20:23:13.074575+07,2026-03-06 20:23:13.074575+07
d919902f-25dc-4940-9392-ad14a3d0a12c,CSH,Học Viện Cảnh Sát Nhân Dân,CSH,public,,,,,,,,,,t,2026-03-06 20:23:55.525539+07,https://diemthi.tuyensinh247.com/diem-chuan/hoc-vien-canh-sat-nhan-dan-CSH.html,2026-03-06 20:23:13.074575+07,2026-03-06 20:23:13.074575+07
6d1a47ed-8dcc-434c-944b-d56fdf4ea547,HYD,Học Viện Y Dược Học Cổ Truyền Việt Nam,HYD,public,,,,,,,,,,t,2026-03-06 20:24:00.046003+07,https://diemthi.tuyensinh247.com/diem-chuan/hoc-vien-y-duoc-hoc-co-truyen-viet-nam-HYD.html,2026-03-06 20:23:13.074575+07,2026-03-06 20:23:13.074575+07
56025ebb-0355-4094-8366-4e01b4838408,GTS,Trường Đại Học Giao Thông Vận Tải TPHCM,GTS,public,,,,,,,,,,t,2026-03-06 20:24:03.492384+07,https://diemthi.tuyensinh247.com/diem-chuan/dai-hoc-giao-thong-van-tai-tphcm-GTS.html,2026-03-06 20:23:13.074575+07,2026-03-06 20:23:13.074575+07
9d3e0c23-5479-4e05-931f-d57bbc25ffc4,KMA,Học Viện Kỹ Thuật Mật Mã,KMA,public,,,,,,,,,,t,2026-03-06 20:24:06.690126+07,https://diemthi.tuyensinh247.com/diem-chuan/hoc-vien-ky-thuat-mat-ma-KMA.html,2026-03-06 20:23:13.074575+07,2026-03-06 20:23:13.074575+07
b7c91019-e994-4ddf-a523-4ee9cb3cab05,YTB,Trường Đại Học Y Dược Thái Bình,YTB,public,,,,,,,,,,t,2026-03-06 20:24:11.293323+07,https://diemthi.tuyensinh247.com/diem-chuan/dai-hoc-y-duoc-thai-binh-YTB.html,2026-03-06 20:23:13.074575+07,2026-03-06 20:23:13.074575+07
1d869e07-ee0b-4dba-8f18-c920ec26dbc0,GHA,Trường Đại Học Giao Thông Vận Tải,GHA,public,,,,,,,,,,t,2026-03-06 20:24:14.805872+07,https://diemthi.tuyensinh247.com/diem-chuan/dai-hoc-giao-thong-van-tai-co-so-phia-bac-GHA.html,2026-03-06 20:23:13.074575+07,2026-03-06 20:23:13.074575+07
b9cd816e-e53b-43a8-b889-05b46882cc6a,HNM,Trường Đại học Thủ Đô Hà Nội,HNM,public,,,,,,,,,,t,2026-03-06 20:24:18.995087+07,https://diemthi.tuyensinh247.com/diem-chuan/dai-hoc-thu-do-ha-noi-HNM.html,2026-03-06 20:23:13.074575+07,2026-03-06 20:23:13.074575+07
37e411d6-5895-4cac-bf5b-3f2f3d984d4d,QHI,Trường Đại Học Công Nghệ – Đại Học Quốc Gia Hà Nội,QHI,public,,,,,,,,,,t,2026-03-06 20:24:21.008244+07,https://diemthi.tuyensinh247.com/diem-chuan/dai-hoc-cong-nghe-dai-hoc-quoc-gia-ha-noi-QHI.html,2026-03-06 20:23:13.074575+07,2026-03-06 20:23:13.074575+07
2c786886-75c8-4f5f-bb8b-2a6504b3aa0d,YDS,Đại Học Y Dược TPHCM,YDS,public,,,,,,,,,,t,2026-03-06 20:24:25.322564+07,https://diemthi.tuyensinh247.com/diem-chuan/dai-hoc-y-duoc-tphcm-YDS.html,2026-03-06 20:23:13.074575+07,2026-03-06 20:23:13.074575+07
6ed8ee19-cdd4-4653-aee4-88f12f31e0c3,SPS,Trường Đại Học Sư Phạm TPHCM,SPS,public,,,,,,,,,,t,2026-03-06 20:24:28.837948+07,https://diemthi.tuyensinh247.com/diem-chuan/dai-hoc-su-pham-tphcm-SPS.html,2026-03-06 20:23:13.074575+07,2026-03-06 20:23:13.074575+07
9c96ffd6-18ec-4679-9249-45e00f7b6357,TMU,Trường Đại Học Thương Mại,TMU,public,,,,,,,,,,t,2026-03-06 20:24:31.378239+07,https://diemthi.tuyensinh247.com/diem-chuan/dai-hoc-thuong-mai-TMU.html,2026-03-06 20:23:13.074575+07,2026-03-06 20:23:13.074575+07
fc01fd5f-08fa-4461-b8b7-64811fd14eba,SPH,Trường Đại Học Sư Phạm Hà Nội,SPH,public,,,,,,,,,,t,2026-03-06 20:24:34.084756+07,https://diemthi.tuyensinh247.com/diem-chuan/dai-hoc-su-pham-ha-noi-SPH.html,2026-03-06 20:23:13.074575+07,2026-03-06 20:23:13.074575+07
45aa1069-2223-4fd2-8fd6-cf779bc9aec3,BVH,Học Viện Công Nghệ Bưu Chính Viễn Thông,BVH,public,,,,,,,,,,t,2026-03-06 20:24:37.997373+07,https://diemthi.tuyensinh247.com/diem-chuan/hoc-vien-cong-nghe-buu-chinh-vien-thong-phia-bac-BVH.html,2026-03-06 20:23:13.074575+07,2026-03-06 20:23:13.074575+07
663db1b5-dc2c-4bb8-afe1-67b18d54ddb2,YHB,Trường Đại Học Y Hà Nội,YHB,public,,,,,,,,,,t,2026-03-06 20:24:41.946211+07,https://diemthi.tuyensinh247.com/diem-chuan/dai-hoc-y-ha-noi-YHB.html,2026-03-06 20:23:13.074575+07,2026-03-06 20:23:13.074575+07
fe8a961a-f830-4ae1-9893-a93dbbd4e78f,QSB,Trường Đại Học Bách Khoa HCM,QSB,public,,,,,,,,,,t,2026-03-06 20:24:46.299555+07,https://diemthi.tuyensinh247.com/diem-chuan/dai-hoc-bach-khoa-hcm-QSB.html,2026-03-06 20:23:13.074575+07,2026-03-06 20:23:13.074575+07
a229068e-fb87-4529-bb7a-3279d319dd5a,NTH,Trường Đại học Ngoại thương,NTH,public,,,,,,,,,,t,2026-03-06 20:24:49.971882+07,https://diemthi.tuyensinh247.com/diem-chuan/dai-hoc-ngoai-thuong-co-so-phia-bac-NTH.html,2026-03-06 20:23:13.074575+07,2026-03-06 20:23:13.074575+07
9360487c-97e7-4652-8a68-883792e57dbe,NHH,Học Viện Ngân Hàng,NHH,public,,,,,,,,,,t,2026-03-06 20:24:53.016306+07,https://diemthi.tuyensinh247.com/diem-chuan/hoc-vien-ngan-hang-NHH.html,2026-03-06 20:23:13.074575+07,2026-03-06 20:23:13.074575+07
c284b217-c295-4ffc-8ea7-327ef2b9709c,HTC,Học Viện Tài chính,HTC,public,,,,,,,,,,t,2026-03-06 20:24:56.834561+07,https://diemthi.tuyensinh247.com/diem-chuan/hoc-vien-tai-chinh-HTC.html,2026-03-06 20:23:13.074575+07,2026-03-06 20:23:13.074575+07
6a8024df-034e-4b06-bbc0-8364c56508b3,BKA,Đại Học Bách Khoa Hà Nội,BKA,public,,,,,,,,,,t,2026-03-06 20:25:00.178972+07,https://diemthi.tuyensinh247.com/diem-chuan/dai-hoc-bach-khoa-ha-noi-BKA.html,2026-03-06 20:23:13.074575+07,2026-03-06 20:23:13.074575+07
